,idDem,cantMujeres,porcentajeMujeres
0,dem1,305373.0,52.55
1,dem2,1966.0,47.61
2,dem3,4009.0,48.72
3,dem4,5384.0,51.34
4,dem5,104537.0,51.36
5,dem6,2775.0,46.71
6,dem7,971.0,50.13
7,dem8,2733.0,49.65
8,dem9,986.0,48.93
9,dem10,6174.0,50.32
10,dem11,1394.0,48.27
11,dem12,15964.0,48.45
12,dem13,1852.0,50.34
13,dem14,2348.0,46.82
14,dem15,6371.0,50.1
15,dem16,10067.0,48.13
16,dem17,1685.0,48.69
17,dem18,154300.0,52.85
18,dem19,1912.0,47.55
19,dem20,81726.0,50.95
20,dem21,2796.0,47.26
21,dem22,5015.0,48.3
22,dem23,2354.0,47.53
23,dem24,6768.0,47.98
24,dem25,10927.0,52.17
25,dem26,2364.0,47.51
26,dem27,5214.0,49.53
27,dem28,5368.0,49.7
28,dem29,87839.0,51.48
29,dem30,2522.0,48.86
30,dem31,12471.0,47.17
31,dem32,16286.0,49.27
32,dem33,29239.0,52.18
33,dem34,2107.0,48.25
34,dem35,1175.0,46.42
35,dem36,15822.0,47.75
36,dem37,16520.0,51.37
37,dem38,3494.0,48.51
38,dem39,1037.0,49.05
39,dem40,4013.0,50.97
40,dem41,143325.0,51.6
41,dem42,7289.0,47.86
42,dem43,34132.0,50.66
43,dem44,8519.0,48.09
44,dem45,24343.0,49.05
45,dem46,10476.0,49.09
46,dem47,276460.0,52.2
47,dem48,4265.0,49.04
48,dem49,3262.0,49.0
49,dem50,6243.0,49.17
50,dem51,5054.0,49.96
51,dem52,24737.0,49.11
52,dem53,4050.0,49.1
53,dem54,11162.0,48.93
54,dem55,35824.0,50.82
55,dem56,14408.0,50.75
56,dem57,16640.0,50.52
57,dem58,12566.0,50.89
58,dem59,5714.0,48.07
59,dem60,9444.0,50.85
60,dem61,18596.0,50.57
61,dem62,18036.0,49.37
62,dem63,16674.0,48.18
63,dem64,3192.0,47.56
64,dem65,10512.0,48.5
65,dem66,7336.0,50.82
66,dem67,6674.0,49.24
67,dem68,2705.0,46.89
68,dem69,1854.0,48.62
69,dem70,2604.0,48.72
70,dem71,6239.0,48.68
71,dem72,2422.0,47.23
72,dem73,165349.0,51.99
73,dem74,18728.0,49.22
74,dem75,15769.0,50.16
75,dem76,20481.0,48.75
76,dem77,15180.0,50.3
77,dem78,12599.0,49.83
78,dem79,26249.0,48.71
79,dem80,10497.0,53.36
80,dem81,13882.0,50.27
81,dem82,5247.0,48.81
82,dem83,9156.0,49.28
83,dem84,11250.0,49.59
84,dem85,15973.0,50.93
85,dem86,19160.0,49.33
86,dem87,22376.0,48.88
87,dem88,18912.0,51.32
88,dem89,22282.0,53.54
89,dem90,5587.0,48.69
90,dem91,56586.0,51.23
91,dem92,6989.0,50.14
92,dem93,15727.0,49.29
93,dem94,17901.0,50.46
94,dem95,12896.0,49.41
95,dem96,12241.0,49.85
96,dem97,11070.0,53.5
97,dem98,251661.0,51.35
98,dem99,56363.0,51.42
99,dem100,30185.0,49.67
100,dem101,9783.0,48.62
101,dem102,10572.0,48.92
102,dem103,19879.0,49.67
103,dem104,16958.0,49.63
104,dem105,13874.0,50.1
105,dem106,18772.0,50.19
106,dem107,18774.0,50.02
107,dem108,7419.0,49.55
108,dem109,8281.0,48.29
109,dem110,23329.0,49.93
110,dem111,4951.0,49.28
111,dem112,9397.0,50.61
112,dem113,13796.0,49.7
113,dem114,13154.0,50.12
114,dem115,9424.0,49.54
115,dem116,13072.0,49.01
116,dem117,7683.0,50.09
117,dem118,229296.0,52.78
118,dem119,11447.0,50.16
119,dem120,18132.0,50.16
120,dem121,5557.0,52.64
121,dem122,5249.0,49.24
122,dem123,26602.0,51.89
123,dem124,5694.0,49.72
124,dem125,36963.0,51.41
125,dem126,2950.0,49.14
126,dem127,8874.0,49.5
127,dem128,4353.0,48.98
128,dem129,10474.0,49.82
129,dem130,7691.0,49.44
130,dem131,25815.0,50.84
131,dem132,10013.0,48.95
132,dem133,2356.0,48.73
133,dem134,14684.0,51.27
134,dem135,5125.0,50.46
135,dem136,33503.0,51.82
136,dem137,6688.0,52.52
137,dem138,207223.0,52.74
138,dem139,27384.0,49.22
139,dem140,7003.0,50.81
140,dem141,3685.0,50.69
141,dem142,4692.0,50.99
142,dem143,11164.0,49.61
143,dem144,3603.0,49.89
144,dem145,3940.0,51.42
145,dem146,3981.0,51.99
146,dem147,60259.0,51.89
147,dem148,3301.0,50.85
148,dem149,16060.0,50.41
149,dem150,12069.0,48.85
150,dem151,5307.0,50.96
151,dem152,8935.0,51.08
152,dem153,14869.0,50.55
153,dem154,7961.0,51.73
154,dem155,6627.0,49.36
155,dem156,3699.0,50.35
156,dem157,128752.0,50.76
157,dem158,5555.0,50.79
158,dem159,22807.0,50.99
159,dem160,367499.0,51.64
160,dem161,15774.0,49.63
161,dem162,4435.0,46.17
162,dem163,3882.0,47.9
163,dem164,2930.0,46.9
164,dem165,1287.0,46.28
165,dem166,8792.0,50.93
166,dem167,5545.0,47.95
167,dem168,2175.0,47.9
168,dem169,13073.0,48.96
169,dem170,3325.0,49.22
170,dem171,3014.0,48.09
171,dem172,5416.0,47.68
172,dem173,46511.0,52.21
173,dem174,61444.0,51.95
174,dem175,2576.0,47.69
175,dem176,4840.0,47.43
176,dem177,3443.0,49.34
177,dem178,1622.0,48.26
178,dem179,11917.0,47.4
179,dem180,25335.0,47.28
180,dem181,7444.0,48.21
181,dem182,52590.0,51.58
182,dem183,247063.0,52.87
183,dem184,3043.0,47.38
184,dem185,12210.0,49.45
185,dem186,8372.0,49.39
186,dem187,13466.0,49.34
187,dem188,6169.0,48.71
188,dem189,39625.0,50.91
189,dem190,186294.0,52.13
190,dem191,8134.0,50.32
191,dem192,15648.0,50.34
192,dem193,35959.0,49.68
193,dem194,12328.0,50.15
194,dem195,4529.0,48.97
195,dem196,3143.0,48.59
196,dem197,3218.0,48.88
197,dem198,12893.0,49.06
198,dem199,62565.0,50.31
199,dem200,11337.0,46.63
200,dem201,16190.0,49.02
201,dem202,4963.0,47.7
202,dem203,5249.0,49.07
203,dem204,5572.0,47.22
204,dem205,3869.0,48.05
205,dem206,3812.0,49.31
206,dem207,96131.0,51.13
207,dem208,14479.0,49.67
208,dem209,17975.0,50.29
209,dem210,18484.0,48.98
210,dem211,10069.0,50.23
211,dem212,87990.0,51.58
212,dem213,42543.0,51.21
213,dem214,23786.0,50.66
214,dem215,84634.0,51.78
215,dem216,14413.0,50.85
216,dem217,257525.0,51.59
217,dem218,7474.0,48.19
218,dem219,19665.0,49.34
219,dem220,60450.0,50.35
220,dem221,32446.0,49.57
221,dem222,12217.0,48.03
222,dem223,268991.0,50.63
223,dem224,42206.0,47.95
224,dem225,2711.0,44.72
225,dem226,6889.0,48.17
226,dem227,11460.0,50.19
227,dem228,3778.0,47.36
228,dem229,1899.0,48.84
229,dem230,5908.0,48.71
230,dem231,34945.0,50.74
231,dem232,7076.0,50.12
232,dem233,19292.0,46.47
233,dem234,14878.0,48.94
234,dem235,9070.0,49.65
235,dem236,5800.0,47.17
236,dem237,13445.0,50.34
237,dem238,1185027.0,53.2
238,dem239,11552.0,51.49
239,dem240,8602.0,49.3
240,dem241,7975.0,49.78
241,dem242,161501.0,52.4
242,dem243,66505.0,52.14
243,dem244,12341.0,50.75
244,dem245,14507.0,50.33
245,dem246,9048.0,50.12
246,dem247,47389.0,51.61
247,dem248,72344.0,53.3
248,dem249,29348.0,51.97
249,dem250,29487.0,51.39
250,dem251,82382.0,51.53
251,dem252,17908.0,52.74
252,dem253,6395.0,52.53
253,dem254,182269.0,52.18
254,dem255,7714.0,50.4
255,dem256,7800.0,50.15
256,dem257,19316.0,52.49
257,dem258,21258.0,50.45
258,dem259,9567.0,49.76
259,dem260,111807.0,52.57
260,dem261,6270.0,49.24
261,dem262,7998.0,49.93
262,dem263,55284.0,51.51
263,dem264,22054.0,52.6
264,dem265,23711.0,47.57
265,dem266,21674.0,49.34
266,dem267,28022.0,50.44
267,dem268,84883.0,50.4
268,dem269,18378.0,49.78
269,dem270,5872.0,47.63
270,dem271,8179.0,47.52
271,dem272,8791.0,50.13
272,dem273,4077.0,46.19
273,dem274,5979.0,48.45
274,dem275,17867.0,49.25
275,dem276,5817.0,48.61
276,dem277,735.0,44.98
277,dem278,11482.0,48.8
278,dem279,17446.0,49.42
279,dem280,28689.0,50.87
280,dem281,18834.0,49.9
281,dem282,32186.0,49.62
282,dem283,7793.0,48.42
283,dem284,16751.0,47.33
284,dem285,2888.0,51.16
285,dem286,9221.0,49.1
286,dem287,16608.0,49.64
287,dem288,25537.0,48.35
288,dem289,9912.0,47.34
289,dem290,34001.0,46.77
290,dem291,6032.0,51.62
291,dem292,4933.0,49.76
292,dem293,42753.0,51.98
293,dem294,5916.0,47.07
294,dem295,8428.0,49.29
295,dem296,3658.0,48.26
296,dem297,68734.0,52.0
297,dem298,5499.0,50.17
298,dem299,10240.0,49.79
299,dem300,11202.0,50.76
300,dem301,16700.0,51.08
301,dem302,3766.0,49.38
302,dem303,12132.0,50.79
303,dem304,10952.0,49.64
304,dem305,2837.0,49.05
305,dem306,71775.0,51.82
306,dem307,2126.0,47.93
307,dem308,4241.0,50.34
308,dem309,52099.0,51.57
309,dem310,6552.0,49.32
310,dem311,13658.0,44.75
311,dem312,7678.0,50.03
312,dem313,1374.0,48.24
313,dem314,3143.0,49.69
314,dem315,2192.0,49.32
315,dem316,3020.0,48.46
316,dem317,1056.0,46.3
317,dem318,2988.0,51.31
318,dem319,15203.0,50.9
319,dem320,4885.0,48.46
320,dem321,2980.0,48.66
321,dem322,57027.0,50.8
322,dem323,1839.0,49.21
323,dem324,3795.0,47.35
324,dem325,66581.0,51.13
325,dem326,1122.0,48.09
326,dem327,6641.0,50.42
327,dem328,3543.0,32.75
328,dem329,12363.0,50.64
329,dem330,2326.0,46.77
330,dem331,4046.0,48.58
331,dem332,7561.0,48.93
332,dem333,2472.0,48.74
333,dem334,3984.0,48.63
334,dem335,6388.0,49.59
335,dem336,5446.0,50.64
336,dem337,4027.0,49.22
337,dem338,5704.0,49.93
338,dem339,16964.0,50.65
339,dem340,10744.0,49.68
340,dem341,6632.0,51.62
341,dem342,339849.0,51.48
342,dem343,13168.0,51.07
343,dem344,7849.0,50.03
344,dem345,8579.0,50.4
345,dem346,2906.0,49.36
346,dem347,11084.0,51.16
347,dem348,3855.0,47.79
348,dem349,2097.0,48.37
349,dem350,1599.0,50.63
350,dem351,7838.0,49.81
351,dem352,20160.0,50.41
352,dem353,3609.0,46.77
353,dem354,21869.0,51.39
354,dem355,3320.0,47.8
355,dem356,8526.0,49.61
356,dem357,13428.0,49.97
357,dem358,67246.0,51.51
358,dem359,1286471.0,53.0
359,dem360,9833.0,48.28
360,dem361,1243.0,46.12
361,dem362,15365.0,50.83
362,dem363,12934.0,49.82
363,dem364,2872.0,49.9
364,dem365,8808.0,48.08
365,dem366,61590.0,50.9
366,dem367,26211.0,50.44
367,dem368,270925.0,51.88
368,dem369,3856.0,47.97
369,dem370,4500.0,48.11
370,dem371,13988.0,48.24
371,dem372,4460.0,48.46
372,dem373,30070.0,50.61
373,dem374,46486.0,51.53
374,dem375,40174.0,51.58
375,dem376,11400.0,49.47
376,dem377,26029.0,50.19
377,dem378,12158.0,49.81
378,dem379,10350.0,49.91
379,dem380,26387.0,51.08
380,dem381,4863.0,49.86
381,dem382,4042.0,49.82
382,dem383,10842.0,50.49
383,dem384,4125.0,50.18
384,dem385,6926.0,49.5
385,dem386,12589.0,48.81
386,dem387,19581.0,49.81
387,dem388,7165.0,49.83
388,dem389,8182.0,45.32
389,dem390,14200.0,49.97
390,dem391,11999.0,51.03
391,dem392,69117.0,51.02
392,dem393,4316.0,47.79
393,dem394,8008.0,49.29
394,dem395,6573.0,50.58
395,dem396,10655.0,49.51
396,dem397,18258.0,50.27
397,dem398,6005.0,48.45
398,dem399,18939.0,49.97
399,dem400,18111.0,49.86
400,dem401,7516.0,49.93
401,dem402,13637.0,50.57
402,dem403,5477.0,50.83
403,dem404,64620.0,51.88
404,dem405,6906.0,50.04
405,dem406,3204.0,49.31
406,dem407,5968.0,50.53
407,dem408,5912.0,50.96
408,dem409,4590.0,50.48
409,dem410,3675.0,48.3
410,dem411,21355.0,51.41
411,dem412,11083.0,49.17
412,dem413,9272.0,48.7
413,dem414,12320.0,49.98
414,dem415,2370.0,47.2
415,dem416,2617.0,48.89
416,dem417,1836.0,48.47
417,dem418,2678.0,46.9
418,dem419,6626.0,49.15
419,dem420,7349.0,50.86
420,dem421,10467.0,48.56
421,dem422,11869.0,50.45
422,dem423,3208.0,47.62
423,dem424,16602.0,48.19
424,dem425,18377.0,49.41
425,dem426,18441.0,50.62
426,dem427,5713.0,48.04
427,dem428,12522.0,50.93
428,dem429,16575.0,50.49
429,dem430,14475.0,50.77
430,dem431,36002.0,50.87
431,dem432,11070.0,48.96
432,dem433,4082.0,49.26
433,dem434,24797.0,49.04
434,dem435,5151.0,49.98
435,dem436,9154.0,47.69
436,dem437,6061.0,49.14
437,dem438,4798.0,47.46
438,dem439,3235.0,49.04
439,dem440,4268.0,49.0
440,dem441,279997.0,52.23
441,dem442,17041.0,50.79
442,dem443,10751.0,49.2
443,dem444,24773.0,49.13
444,dem445,7729.0,49.88
445,dem446,35136.0,50.72
446,dem447,7523.0,48.02
447,dem448,147975.0,51.62
448,dem449,4883.0,51.36
449,dem450,4038.0,50.94
450,dem451,1053.0,49.16
451,dem452,11853.0,47.71
452,dem453,3452.0,48.6
453,dem454,17066.0,51.77
454,dem455,15964.0,47.78
455,dem456,1160.0,46.51
456,dem457,2079.0,48.2
457,dem458,30231.0,52.09
458,dem459,16703.0,49.29
459,dem460,12631.0,47.23
460,dem461,2575.0,48.72
461,dem462,91390.0,51.46
462,dem463,2281.0,47.79
463,dem464,5480.0,49.8
464,dem465,5245.0,49.59
465,dem466,2374.0,47.49
466,dem467,11112.0,52.07
467,dem468,6971.0,48.13
468,dem469,2337.0,47.49
469,dem470,5077.0,48.44
470,dem471,2783.0,47.17
471,dem472,85009.0,50.95
472,dem473,1913.0,47.73
473,dem474,1680.0,48.78
474,dem475,10333.0,48.25
475,dem476,6530.0,50.12
476,dem477,2349.0,46.9
477,dem478,1867.0,50.69
478,dem479,16385.0,48.55
479,dem480,1392.0,48.28
480,dem481,6185.0,50.47
481,dem482,993.0,49.21
482,dem483,2722.0,49.68
483,dem484,1065.0,48.72
484,dem485,998.0,50.33
485,dem486,2807.0,46.76
486,dem487,106519.0,51.34
487,dem488,5476.0,51.3
488,dem489,4087.0,48.84
489,dem490,901.0,48.49
490,dem491,312719.0,52.5
491,dem492,7950.0,50.35
492,dem493,13663.0,49.11
493,dem494,9846.0,49.68
494,dem495,13772.0,50.17
495,dem496,14327.0,49.82
496,dem497,8547.0,49.27
497,dem498,9744.0,50.8
498,dem499,5169.0,49.33
499,dem500,24575.0,50.1
500,dem501,8644.0,48.4
501,dem502,7690.0,49.75
502,dem503,19750.0,50.17
503,dem504,15425.0,49.83
504,dem505,19413.0,50.27
505,dem506,14441.0,50.24
506,dem507,17571.0,49.82
507,dem508,20790.0,49.71
508,dem509,11065.0,49.09
509,dem510,10049.0,48.74
510,dem511,31270.0,49.74
511,dem512,58887.0,51.4
512,dem513,263718.0,51.34
513,dem514,11251.0,53.58
514,dem515,12544.0,49.9
515,dem516,13037.0,49.45
516,dem517,18118.0,50.48
517,dem518,15911.0,49.37
518,dem519,7071.0,50.22
519,dem520,57290.0,51.25
520,dem521,5606.0,48.77
521,dem522,22318.0,53.59
522,dem523,4363.0,48.46
523,dem524,19107.0,51.39
524,dem525,22648.0,48.94
525,dem526,19528.0,49.42
526,dem527,16190.0,51.02
527,dem528,11364.0,49.62
528,dem529,9253.0,49.32
529,dem530,5217.0,48.88
530,dem531,13900.0,50.33
531,dem532,10613.0,53.47
532,dem533,26244.0,48.74
533,dem534,12620.0,49.8
534,dem535,15159.0,50.29
535,dem536,20718.0,48.82
536,dem537,15943.0,50.21
537,dem538,18393.0,49.28
538,dem539,167320.0,51.96
539,dem540,6714.0,52.54
540,dem541,34312.0,51.84
541,dem542,5180.0,50.51
542,dem543,14851.0,51.17
543,dem544,2373.0,48.68
544,dem545,9863.0,49.03
545,dem546,9628.0,49.66
546,dem547,26052.0,50.71
547,dem548,7715.0,49.46
548,dem549,3049.0,50.19
549,dem550,10494.0,49.88
550,dem551,4432.0,49.05
551,dem552,8824.0,49.56
552,dem553,2909.0,49.17
553,dem554,37556.0,51.47
554,dem555,5673.0,49.77
555,dem556,26906.0,51.97
556,dem557,5238.0,49.26
557,dem558,5560.0,52.79
558,dem559,18236.0,50.09
559,dem560,11490.0,50.16
560,dem561,232764.0,52.83
561,dem562,40077.0,50.97
562,dem563,6102.0,48.79
563,dem564,13424.0,49.29
564,dem565,8447.0,49.37
565,dem566,12200.0,49.47
566,dem567,3001.0,47.27
567,dem568,5969.0,48.62
568,dem569,250133.0,52.95
569,dem570,55323.0,51.56
570,dem571,7698.0,48.3
571,dem572,26770.0,47.37
572,dem573,12412.0,47.56
573,dem574,1718.0,48.57
574,dem575,3679.0,49.44
575,dem576,4995.0,47.57
576,dem577,2685.0,47.71
577,dem578,27193.0,52.05
578,dem579,64750.0,51.97
579,dem580,48914.0,52.17
580,dem581,5725.0,47.94
581,dem582,3108.0,48.24
582,dem583,3504.0,49.44
583,dem584,13846.0,49.03
584,dem585,2260.0,48.16
585,dem586,5777.0,47.97
586,dem587,9282.0,51.07
587,dem588,1321.0,46.27
588,dem589,3041.0,46.99
589,dem590,4089.0,47.94
590,dem591,4560.0,46.25
591,dem592,16408.0,49.72
592,dem593,386360.0,51.57
593,dem594,22768.0,50.99
594,dem595,5557.0,50.77
595,dem596,129923.0,50.79
596,dem597,3660.0,50.3
597,dem598,6591.0,49.44
598,dem599,7783.0,51.77
599,dem600,10200.0,50.54
600,dem601,14368.0,50.63
601,dem602,8851.0,51.06
602,dem603,5197.0,50.97
603,dem604,12356.0,49.0
604,dem605,16037.0,50.43
605,dem606,3300.0,50.92
606,dem607,60239.0,51.93
607,dem608,3933.0,51.44
608,dem609,3585.0,50.01
609,dem610,11173.0,49.6
610,dem611,4694.0,51.03
611,dem612,3676.0,50.69
612,dem613,6993.0,50.82
613,dem614,27665.0,49.23
614,dem615,207332.0,52.79
615,dem616,13394.0,50.41
616,dem617,5974.0,47.42
617,dem618,9187.0,49.73
618,dem619,5846.0,45.25
619,dem620,14872.0,49.08
620,dem621,19875.0,46.57
621,dem622,7177.0,50.2
622,dem623,35762.0,51.26
623,dem624,6003.0,48.94
624,dem625,1931.0,49.11
625,dem626,3633.0,47.68
626,dem627,11577.0,50.3
627,dem628,7348.0,48.39
628,dem629,2749.0,44.85
629,dem630,43221.0,47.96
630,dem631,272752.0,50.62
631,dem632,35285.0,49.3
632,dem633,12393.0,48.13
633,dem634,30850.0,48.95
634,dem635,33593.0,49.54
635,dem636,61581.0,50.36
636,dem637,15136.0,48.7
637,dem638,20102.0,49.36
638,dem639,7809.0,48.22
639,dem640,268662.0,51.54
640,dem641,91855.0,51.66
641,dem642,24576.0,50.79
642,dem643,10632.0,50.27
643,dem644,3786.0,49.99
644,dem645,19576.0,48.88
645,dem646,18708.0,50.33
646,dem647,15363.0,49.8
647,dem648,100391.0,51.29
648,dem649,3834.0,49.32
649,dem650,3878.0,48.09
650,dem651,5560.0,47.22
651,dem652,5306.0,49.06
652,dem653,8593.0,48.86
653,dem654,4985.0,47.83
654,dem655,11528.0,46.56
655,dem656,63726.0,50.3
656,dem657,13053.0,49.09
657,dem658,3257.0,48.94
658,dem659,3172.0,48.65
659,dem660,30420.0,49.28
660,dem661,4558.0,49.06
661,dem662,3595.0,49.01
662,dem663,36546.0,49.86
663,dem664,15697.0,50.32
664,dem665,8241.0,50.37
665,dem666,188084.0,52.09
666,dem667,35708.0,46.86
667,dem668,9787.0,47.8
668,dem669,26430.0,48.64
669,dem670,16960.0,49.76
670,dem671,11933.0,49.99
671,dem672,9410.0,49.22
672,dem673,2863.0,51.26
673,dem674,17070.0,47.35
674,dem675,7737.0,48.26
675,dem676,32852.0,49.71
676,dem677,19152.0,50.08
677,dem678,29432.0,50.99
678,dem679,17695.0,49.44
679,dem680,11998.0,49.08
680,dem681,774.0,45.05
681,dem682,5844.0,48.7
682,dem683,18152.0,49.24
683,dem684,6075.0,48.55
684,dem685,4037.0,46.2
685,dem686,8942.0,50.24
686,dem687,8268.0,47.63
687,dem688,5826.0,47.74
688,dem689,18710.0,49.88
689,dem690,87635.0,50.48
690,dem691,30299.0,50.75
691,dem692,23163.0,49.56
692,dem693,25520.0,47.78
693,dem694,22205.0,52.63
694,dem695,56155.0,51.57
695,dem696,8049.0,49.94
696,dem697,6313.0,49.25
697,dem698,113578.0,52.59
698,dem699,9498.0,49.8
699,dem700,20953.0,50.49
700,dem701,19324.0,52.56
701,dem702,7773.0,50.2
702,dem703,7714.0,50.43
703,dem704,183763.0,52.2
704,dem705,6154.0,50.69
705,dem706,6302.0,52.6
706,dem707,18081.0,52.8
707,dem708,84577.0,51.52
708,dem709,29664.0,51.41
709,dem710,29554.0,52.0
710,dem711,72876.0,53.35
711,dem712,48068.0,51.58
712,dem713,9113.0,50.15
713,dem714,14414.0,50.38
714,dem715,12378.0,50.73
715,dem716,66923.0,52.15
716,dem717,162703.0,52.45
717,dem718,7881.0,49.79
718,dem719,8574.0,49.42
719,dem720,11607.0,51.55
720,dem721,1194106.0,53.27
721,dem722,71388.0,51.49
722,dem723,13986.0,49.98
723,dem724,8829.0,49.61
724,dem725,3404.0,47.65
725,dem726,22993.0,51.32
726,dem727,3595.0,46.71
727,dem728,21650.0,50.33
728,dem729,8034.0,49.79
729,dem730,1627.0,50.73
730,dem731,2153.0,48.09
731,dem732,3993.0,47.8
732,dem733,11764.0,51.19
733,dem734,3050.0,49.44
734,dem735,9014.0,50.35
735,dem736,365037.0,51.47
736,dem737,6946.0,51.59
737,dem738,17766.0,50.61
738,dem739,6010.0,49.87
739,dem740,5327.0,47.97
740,dem741,4085.0,49.08
741,dem742,5734.0,50.67
742,dem743,6760.0,49.52
743,dem744,4110.0,48.6
744,dem745,2519.0,48.67
745,dem746,4264.0,48.53
746,dem747,2405.0,46.74
747,dem748,12710.0,50.75
748,dem749,3767.0,32.93
749,dem750,6993.0,50.43
750,dem751,1147.0,47.89
751,dem752,72143.0,51.1
752,dem753,3830.0,47.5
753,dem754,60989.0,50.8
754,dem755,2998.0,48.58
755,dem756,5046.0,48.41
756,dem757,15980.0,50.84
757,dem758,1053.0,46.12
758,dem759,3134.0,48.33
759,dem760,2262.0,49.31
760,dem761,3261.0,49.7
761,dem762,1354.0,48.17
762,dem763,8085.0,50.01
763,dem764,14281.0,44.81
764,dem765,6770.0,49.24
765,dem766,54212.0,51.44
766,dem767,4251.0,50.37
767,dem768,2091.0,47.67
768,dem769,76020.0,51.87
769,dem770,2887.0,49.0
770,dem771,11620.0,49.62
771,dem772,2266.0,48.11
772,dem773,3921.0,49.41
773,dem774,11812.0,50.73
774,dem775,10677.0,49.83
775,dem776,4803.0,49.27
776,dem777,73308.0,51.88
777,dem778,1906.0,44.79
778,dem779,3720.0,48.11
779,dem780,8607.0,49.24
780,dem781,45690.0,52.0
781,dem782,5244.0,49.83
782,dem783,879.0,47.98
783,dem784,7719.0,50.4
784,dem785,6185.0,51.69
785,dem786,12623.0,50.07
786,dem787,9555.0,48.69
787,dem788,11314.0,49.08
788,dem789,21638.0,51.38
789,dem790,3687.0,48.32
790,dem791,4680.0,50.51
791,dem792,5948.0,51.12
792,dem793,6016.0,50.51
793,dem794,3186.0,49.3
794,dem795,6982.0,50.05
795,dem796,2362.0,47.19
796,dem797,5447.0,50.83
797,dem798,13912.0,50.56
798,dem799,7636.0,49.93
799,dem800,18116.0,49.78
800,dem801,19354.0,50.02
801,dem802,5957.0,48.33
802,dem803,18675.0,50.28
803,dem804,10738.0,48.24
804,dem805,10652.0,49.47
805,dem806,6610.0,50.71
806,dem807,7839.0,49.18
807,dem808,14528.0,49.99
808,dem809,8392.0,45.24
809,dem810,7185.0,49.95
810,dem811,19970.0,49.87
811,dem812,1560.0,49.52
812,dem813,12958.0,48.62
813,dem814,7017.0,49.43
814,dem815,11105.0,50.56
815,dem816,4125.0,49.71
816,dem817,4917.0,50.03
817,dem818,27124.0,51.02
818,dem819,10318.0,49.95
819,dem820,12220.0,49.77
820,dem821,26632.0,50.32
821,dem822,11487.0,49.4
822,dem823,41211.0,51.51
823,dem824,5145.0,52.27
824,dem825,30324.0,51.67
825,dem826,47888.0,51.47
826,dem827,24924.0,50.19
827,dem828,2245.0,49.48
828,dem829,14284.0,48.07
829,dem830,4565.0,48.04
830,dem831,3859.0,47.85
831,dem832,279079.0,51.82
832,dem833,2999.0,49.54
833,dem834,26822.0,50.38
834,dem835,63562.0,50.99
835,dem836,3437.0,48.51
836,dem837,13386.0,50.33
837,dem838,8975.0,47.9
838,dem839,2885.0,49.83
839,dem840,21099.0,48.27
840,dem841,13234.0,49.84
841,dem842,15644.0,50.83
842,dem843,1246.0,45.98
843,dem844,9748.0,48.12
844,dem845,1314619.0,52.93
845,dem846,318724.0,52.47
846,dem847,4153.0,48.93
847,dem848,5541.0,51.23
848,dem849,108155.0,51.32
849,dem850,2839.0,46.84
850,dem851,1088.0,48.75
851,dem852,2725.0,49.74
852,dem853,1000.0,49.38
853,dem854,6210.0,50.6
854,dem855,16731.0,48.63
855,dem856,1887.0,51.01
856,dem857,6660.0,50.14
857,dem858,10552.0,48.36
858,dem859,1681.0,48.8
859,dem860,1922.0,47.89
860,dem861,87614.0,50.97
861,dem862,3001.0,48.58
862,dem863,5143.0,48.57
863,dem864,2335.0,47.49
864,dem865,7133.0,48.24
865,dem866,11268.0,51.99
866,dem867,2389.0,47.45
867,dem868,5286.0,49.65
868,dem869,1936.0,47.15
869,dem870,5574.0,49.88
870,dem871,2333.0,47.92
871,dem872,94139.0,51.45
872,dem873,2618.0,48.62
873,dem874,12789.0,47.26
874,dem875,17041.0,49.31
875,dem876,31043.0,52.02
876,dem877,1151.0,46.45
877,dem878,17537.0,52.15
878,dem879,3437.0,48.66
879,dem880,1932.0,48.46
880,dem881,1068.0,49.26
881,dem882,4062.0,50.89
882,dem883,4910.0,51.33
883,dem884,151828.0,51.65
884,dem885,35980.0,50.78
885,dem886,10985.0,49.28
886,dem887,17348.0,50.85
887,dem888,282826.0,52.27
888,dem889,4268.0,48.97
889,dem890,3221.0,49.09
890,dem891,4769.0,47.66
891,dem892,5912.0,49.11
892,dem893,9097.0,47.59
893,dem894,5225.0,50.01
894,dem895,24852.0,48.98
895,dem896,4109.0,49.39
896,dem897,11018.0,48.99
897,dem898,14534.0,50.79
898,dem899,16537.0,50.46
899,dem900,12510.0,50.97
900,dem901,5713.0,48.04
901,dem902,18358.0,50.67
902,dem903,18640.0,49.47
903,dem904,1908.0,46.05
904,dem905,3221.0,47.64
905,dem906,10443.0,48.59
906,dem907,7363.0,50.87
907,dem908,6599.0,49.06
908,dem909,2663.0,46.94
909,dem910,1825.0,48.38
910,dem911,2629.0,49.05
911,dem912,2341.0,47.2
912,dem913,169102.0,51.96
913,dem914,18250.0,49.33
914,dem915,16105.0,50.25
915,dem916,15195.0,50.29
916,dem917,12665.0,49.78
917,dem918,26231.0,48.78
918,dem919,10718.0,53.54
919,dem920,13953.0,50.38
920,dem921,5214.0,48.93
921,dem922,16395.0,51.1
922,dem923,19838.0,49.49
923,dem924,19288.0,51.44
924,dem925,22414.0,53.63
925,dem926,57926.0,51.26
926,dem927,7148.0,50.3
927,dem928,16081.0,49.44
928,dem929,18321.0,50.49
929,dem930,13168.0,49.49
930,dem931,12796.0,49.96
931,dem932,11442.0,53.65
932,dem933,273520.0,51.32
933,dem934,60957.0,51.37
934,dem935,32217.0,49.81
935,dem936,11476.0,49.24
936,dem937,21551.0,49.74
937,dem938,14926.0,50.37
938,dem939,19965.0,50.33
939,dem940,15800.0,49.92
940,dem941,20550.0,50.3
941,dem942,25598.0,50.25
942,dem943,5348.0,49.36
943,dem944,10039.0,50.95
944,dem945,14778.0,49.92
945,dem946,14286.0,50.21
946,dem947,10194.0,49.8
947,dem948,14146.0,49.17
948,dem949,235906.0,52.87
949,dem950,11562.0,50.16
950,dem951,18352.0,50.02
951,dem952,5248.0,49.28
952,dem953,27206.0,52.05
953,dem954,38132.0,51.53
954,dem955,2893.0,49.18
955,dem956,4501.0,49.1
956,dem957,10539.0,49.91
957,dem958,7758.0,49.47
958,dem959,26277.0,50.58
959,dem960,9653.0,49.78
960,dem961,9801.0,49.09
961,dem962,2390.0,48.62
962,dem963,14997.0,51.07
963,dem964,5235.0,50.57
964,dem965,34966.0,51.86
965,dem966,6757.0,52.57
966,dem967,207448.0,52.84
967,dem968,27834.0,49.24
968,dem969,6983.0,50.83
969,dem970,4696.0,51.05
970,dem971,11181.0,49.58
971,dem972,3577.0,50.13
972,dem973,3928.0,51.47
973,dem974,60210.0,51.98
974,dem975,3298.0,50.97
975,dem976,4611.0,49.75
976,dem977,12555.0,49.15
977,dem978,8790.0,51.05
978,dem979,14062.0,50.69
979,dem980,7661.0,51.79
980,dem981,6558.0,49.52
981,dem982,3636.0,50.28
982,dem983,130628.0,50.82
983,dem984,400353.0,51.52
984,dem985,16890.0,49.78
985,dem986,4657.0,46.31
986,dem987,4243.0,47.97
987,dem988,3110.0,47.02
988,dem989,9652.0,51.18
989,dem990,2329.0,48.4
990,dem991,14429.0,49.09
991,dem992,3635.0,49.62
992,dem993,3180.0,48.37
993,dem994,5957.0,48.15
994,dem995,50701.0,52.15
995,dem996,67234.0,52.0
996,dem997,28057.0,52.05
997,dem998,2763.0,47.7
998,dem999,5113.0,47.66
999,dem1000,3856.0,49.5
1000,dem1001,1789.0,48.79
1001,dem1002,12782.0,47.69
1002,dem1003,27858.0,47.44
1003,dem1004,7894.0,48.36
1004,dem1005,57357.0,51.56
1005,dem1006,252928.0,53.02
1006,dem1007,2971.0,47.18
1007,dem1008,12226.0,49.48
1008,dem1009,14829.0,53.0
1009,dem1010,13426.0,49.23
1010,dem1011,6074.0,48.85
1011,dem1012,40499.0,51.02
1012,dem1013,189723.0,52.06
1013,dem1014,8340.0,50.4
1014,dem1015,15773.0,50.3
1015,dem1016,4592.0,49.14
1016,dem1017,30751.0,49.3
1017,dem1018,3203.0,48.73
1018,dem1019,3295.0,49.02
1019,dem1020,13203.0,49.12
1020,dem1021,64698.0,50.3
1021,dem1022,11691.0,46.52
1022,dem1023,16554.0,49.08
1023,dem1024,5019.0,47.97
1024,dem1025,8678.0,48.95
1025,dem1026,5360.0,49.07
1026,dem1027,5571.0,47.21
1027,dem1028,3895.0,48.12
1028,dem1029,3858.0,49.31
1029,dem1030,103789.0,51.42
1030,dem1031,16109.0,49.93
1031,dem1032,19314.0,50.37
1032,dem1033,20527.0,48.8
1033,dem1034,3958.0,50.23
1034,dem1035,11085.0,50.31
1035,dem1036,25233.0,50.89
1036,dem1037,98026.0,51.57
1037,dem1038,277454.0,51.51
1038,dem1039,8102.0,48.27
1039,dem1040,20486.0,49.37
1040,dem1041,15491.0,48.72
1041,dem1042,62615.0,50.36
1042,dem1043,34522.0,49.53
1043,dem1044,12570.0,48.21
1044,dem1045,276025.0,50.62
1045,dem1046,44081.0,48.0
1046,dem1047,2784.0,44.96
1047,dem1048,7727.0,48.58
1048,dem1049,11689.0,50.39
1049,dem1050,1961.0,49.38
1050,dem1051,6091.0,49.17
1051,dem1052,36478.0,51.69
1052,dem1053,7268.0,50.26
1053,dem1054,20341.0,46.65
1054,dem1055,14917.0,49.21
1055,dem1056,9291.0,49.8
1056,dem1057,6135.0,47.65
1057,dem1058,13376.0,50.48
1058,dem1059,1201747.0,53.35
1059,dem1060,8579.0,49.54
1060,dem1061,7829.0,49.82
1061,dem1062,163714.0,52.5
1062,dem1063,12410.0,50.73
1063,dem1064,14382.0,50.43
1064,dem1065,9169.0,50.2
1065,dem1066,48581.0,51.57
1066,dem1067,73326.0,53.4
1067,dem1068,4080.0,47.65
1068,dem1069,29816.0,51.44
1069,dem1070,86121.0,51.52
1070,dem1071,6251.0,52.68
1071,dem1072,185036.0,52.23
1072,dem1073,7724.0,50.47
1073,dem1074,7771.0,50.26
1074,dem1075,19353.0,52.61
1075,dem1076,20790.0,50.52
1076,dem1077,9459.0,49.83
1077,dem1078,115123.0,52.61
1078,dem1079,6349.0,49.28
1079,dem1080,8091.0,49.95
1080,dem1081,56837.0,51.64
1081,dem1082,22332.0,52.66
1082,dem1083,26937.0,47.92
1083,dem1084,24347.0,49.72
1084,dem1085,32141.0,51.01
1085,dem1086,89823.0,50.55
1086,dem1087,18985.0,49.95
1087,dem1088,5790.0,47.82
1088,dem1089,8333.0,47.72
1089,dem1090,9066.0,50.34
1090,dem1091,4027.0,46.22
1091,dem1092,6153.0,48.63
1092,dem1093,18395.0,49.25
1093,dem1094,5879.0,48.75
1094,dem1095,12412.0,49.31
1095,dem1096,17891.0,49.44
1096,dem1097,30127.0,51.12
1097,dem1098,19467.0,50.25
1098,dem1099,33473.0,49.8
1099,dem1100,17366.0,47.36
1100,dem1101,2860.0,51.37
1101,dem1102,9586.0,49.33
1102,dem1103,12060.0,50.05
1103,dem1104,17286.0,49.87
1104,dem1105,27300.0,48.91
1105,dem1106,9774.0,48.16
1106,dem1107,6372.0,51.7
1107,dem1108,8100.0,50.42
1108,dem1109,901.0,47.8
1109,dem1110,5534.0,49.89
1110,dem1111,48361.0,52.02
1111,dem1112,8836.0,49.21
1112,dem1113,3809.0,47.97
1113,dem1114,77426.0,51.77
1114,dem1115,11111.0,49.87
1115,dem1116,12386.0,50.69
1116,dem1117,18830.0,50.9
1117,dem1118,4083.0,49.45
1118,dem1119,12292.0,49.63
1119,dem1120,2954.0,48.92
1120,dem1121,2092.0,47.49
1121,dem1122,4303.0,50.39
1122,dem1123,56387.0,51.36
1123,dem1124,7002.0,49.17
1124,dem1125,14908.0,44.89
1125,dem1126,8468.0,50.01
1126,dem1127,1335.0,48.16
1127,dem1128,3385.0,49.7
1128,dem1129,3254.0,48.25
1129,dem1130,1066.0,46.05
1130,dem1131,16714.0,50.78
1131,dem1132,5221.0,48.37
1132,dem1133,64586.0,50.8
1133,dem1134,3910.0,47.62
1134,dem1135,76972.0,51.09
1135,dem1136,1178.0,47.81
1136,dem1137,7329.0,50.43
1137,dem1138,3980.0,33.09
1138,dem1139,13123.0,50.86
1139,dem1140,4470.0,48.49
1140,dem1141,2583.0,48.6
1141,dem1142,7102.0,49.43
1142,dem1143,6006.0,50.71
1143,dem1144,4179.0,48.95
1144,dem1145,6301.0,49.83
1145,dem1146,18542.0,50.58
1146,dem1147,7250.0,51.56
1147,dem1148,387820.0,51.47
1148,dem1149,9432.0,50.33
1149,dem1150,3187.0,49.48
1150,dem1151,12394.0,51.2
1151,dem1152,4139.0,47.83
1152,dem1153,2221.0,47.88
1153,dem1154,8271.0,49.79
1154,dem1155,22973.0,50.25
1155,dem1156,3636.0,46.68
1156,dem1157,24053.0,51.27
1157,dem1158,3502.0,47.51
1158,dem1159,9148.0,49.63
1159,dem1160,14562.0,49.99
1160,dem1161,75326.0,51.47
1161,dem1162,1339633.0,52.88
1162,dem1163,9729.0,47.96
1163,dem1164,1253.0,45.81
1164,dem1165,15901.0,50.83
1165,dem1166,13498.0,49.86
1166,dem1167,21295.0,48.18
1167,dem1168,2905.0,49.73
1168,dem1169,9112.0,47.7
1169,dem1170,13598.0,50.36
1170,dem1171,3470.0,48.4
1171,dem1172,27350.0,50.32
1172,dem1173,3029.0,49.53
1173,dem1174,285941.0,51.79
1174,dem1175,3876.0,47.73
1175,dem1176,4619.0,47.94
1176,dem1177,14547.0,47.92
1177,dem1178,43553.0,52.21
1178,dem1179,2246.0,49.56
1179,dem1180,25693.0,50.24
1180,dem1181,49066.0,51.42
1181,dem1182,2300.0,48.34
1182,dem1183,42105.0,51.46
1183,dem1184,11597.0,49.33
1184,dem1185,10506.0,53.31
1185,dem1186,27167.0,50.45
1186,dem1187,10347.0,49.99
1187,dem1188,27752.0,50.98
1188,dem1189,4977.0,50.17
1189,dem1190,4200.0,49.65
1190,dem1191,4145.0,50.25
1191,dem1192,3270.0,49.24
1192,dem1193,7103.0,49.36
1193,dem1194,13256.0,48.46
1194,dem1195,1573.0,49.54
1195,dem1196,20328.0,49.93
1196,dem1197,7227.0,50.05
1197,dem1198,8568.0,45.17
1198,dem1199,14818.0,50.01
1199,dem1200,4421.0,47.65
1200,dem1201,7758.0,49.07
1201,dem1202,6669.0,50.82
1202,dem1203,10674.0,49.42
1203,dem1204,10798.0,48.06
1204,dem1205,19043.0,50.29
1205,dem1206,5942.0,48.21
1206,dem1207,19722.0,50.08
1207,dem1208,18202.0,49.7
1208,dem1209,14148.0,50.54
1209,dem1210,3121.0,50.09
1210,dem1211,5449.0,50.84
1211,dem1212,2374.0,47.08
1212,dem1213,15499.0,50.2
1213,dem1214,6077.0,50.48
1214,dem1215,3712.0,48.33
1215,dem1216,21918.0,51.36
1216,dem1217,11515.0,49.0
1217,dem1218,12891.0,50.15
1218,dem1219,2643.0,49.17
1219,dem1220,1826.0,48.27
1220,dem1221,2671.0,46.95
1221,dem1222,6608.0,48.99
1222,dem1223,7386.0,50.89
1223,dem1224,10477.0,48.61
1224,dem1225,18718.0,49.53
1225,dem1226,18430.0,50.73
1226,dem1227,5727.0,48.02
1227,dem1228,12559.0,51.03
1228,dem1229,16575.0,50.44
1229,dem1230,14585.0,50.82
1230,dem1231,11053.0,49.01
1231,dem1232,4130.0,49.49
1232,dem1233,24901.0,48.93
1233,dem1234,5242.0,50.02
1234,dem1235,9107.0,47.5
1235,dem1236,4802.0,47.86
1236,dem1237,3232.0,49.13
1237,dem1238,4278.0,48.95
1238,dem1239,283927.0,52.32
1239,dem1240,17602.0,50.89
1240,dem1241,11153.0,49.36
1241,dem1242,25503.0,49.22
1242,dem1243,36521.0,50.83
1243,dem1244,154027.0,51.68
1244,dem1245,4964.0,51.32
1245,dem1246,4104.0,50.86
1246,dem1247,1082.0,49.36
1247,dem1248,1957.0,48.55
1248,dem1249,16259.0,47.87
1249,dem1250,1164.0,46.47
1250,dem1251,31370.0,51.99
1251,dem1252,17242.0,49.34
1252,dem1253,2642.0,48.52
1253,dem1254,95193.0,51.45
1254,dem1255,5647.0,49.98
1255,dem1256,5353.0,49.73
1256,dem1257,2418.0,47.5
1257,dem1258,11378.0,51.93
1258,dem1259,7238.0,48.4
1259,dem1260,2360.0,47.48
1260,dem1261,5215.0,48.72
1261,dem1262,88606.0,50.97
1262,dem1263,1703.0,48.89
1263,dem1264,10693.0,48.47
1264,dem1265,6740.0,50.18
1265,dem1266,1918.0,51.28
1266,dem1267,6291.0,50.7
1267,dem1268,2758.0,49.78
1268,dem1269,2877.0,46.95
1269,dem1270,109349.0,51.32
1270,dem1271,4208.0,49.04
1271,dem1272,322194.0,52.45
1272,dem1273,14449.0,49.2
1273,dem1274,10428.0,49.91
1274,dem1275,14590.0,50.22
1275,dem1276,10272.0,51.07
1276,dem1277,5465.0,49.41
1277,dem1278,26190.0,50.35
1278,dem1279,21016.0,50.38
1279,dem1280,16147.0,49.98
1280,dem1281,22019.0,49.78
1281,dem1282,11746.0,49.37
1282,dem1283,32933.0,49.88
1283,dem1284,279114.0,51.3
1284,dem1285,11548.0,53.71
1285,dem1286,13285.0,49.53
1286,dem1287,18476.0,50.5
1287,dem1288,16231.0,49.5
1288,dem1289,7212.0,50.34
1289,dem1290,58413.0,51.27
1290,dem1291,22613.0,53.68
1291,dem1292,4528.0,48.51
1292,dem1293,16554.0,51.18
1293,dem1294,5261.0,48.99
1294,dem1295,14077.0,50.42
1295,dem1296,10817.0,53.6
1296,dem1297,26455.0,48.81
1297,dem1298,12768.0,49.79
1298,dem1299,15313.0,50.28
1299,dem1300,21130.0,48.93
1300,dem1301,16253.0,50.3
1301,dem1302,170567.0,51.98
1302,dem1303,6820.0,52.61
1303,dem1304,35272.0,51.86
1304,dem1305,5291.0,50.68
1305,dem1306,15103.0,50.99
1306,dem1307,26460.0,50.49
1307,dem1308,7832.0,49.52
1308,dem1309,10641.0,49.97
1309,dem1310,4543.0,49.13
1310,dem1311,2921.0,49.24
1311,dem1312,38516.0,51.59
1312,dem1313,5728.0,49.82
1313,dem1314,27473.0,52.12
1314,dem1315,5298.0,49.33
1315,dem1316,18494.0,49.98
1316,dem1317,11675.0,50.23
1317,dem1318,238107.0,52.9
1318,dem1319,40863.0,51.08
1319,dem1320,6135.0,48.96
1320,dem1321,13535.0,49.25
1321,dem1322,14969.0,53.09
1322,dem1323,2995.0,47.2
1323,dem1324,255259.0,53.09
1324,dem1325,58145.0,51.55
1325,dem1326,8008.0,48.39
1326,dem1327,28281.0,47.5
1327,dem1328,12983.0,47.78
1328,dem1329,1821.0,48.98
1329,dem1330,3914.0,49.56
1330,dem1331,5193.0,47.75
1331,dem1332,2800.0,47.68
1332,dem1333,68219.0,52.03
1333,dem1334,51381.0,52.13
1334,dem1335,6061.0,48.31
1335,dem1336,3229.0,48.45
1336,dem1337,3693.0,49.73
1337,dem1338,14643.0,49.14
1338,dem1339,2371.0,48.61
1339,dem1340,6031.0,48.0
1340,dem1341,9804.0,51.28
1341,dem1342,3155.0,47.06
1342,dem1343,4302.0,47.97
1343,dem1344,4723.0,46.33
1344,dem1345,17131.0,49.81
1345,dem1346,405595.0,51.48
1346,dem1347,130733.0,50.86
1347,dem1348,3634.0,50.26
1348,dem1349,6570.0,49.63
1349,dem1350,7665.0,51.83
1350,dem1351,14073.0,50.74
1351,dem1352,6329.0,49.86
1352,dem1353,8790.0,51.06
1353,dem1354,5130.0,51.01
1354,dem1355,4613.0,49.78
1355,dem1356,60307.0,52.07
1356,dem1357,3931.0,51.52
1357,dem1358,3585.0,50.26
1358,dem1359,6987.0,50.87
1359,dem1360,27851.0,49.27
1360,dem1361,207862.0,52.95
1361,dem1362,13500.0,50.53
1362,dem1363,6211.0,47.84
1363,dem1364,9377.0,49.85
1364,dem1365,15075.0,49.32
1365,dem1366,7337.0,50.31
1366,dem1367,6165.0,49.36
1367,dem1368,1987.0,49.63
1368,dem1369,11804.0,50.47
1369,dem1370,7818.0,48.74
1370,dem1371,44551.0,48.11
1371,dem1372,278429.0,50.63
1372,dem1373,12768.0,48.23
1373,dem1374,35073.0,49.55
1374,dem1375,63559.0,50.35
1375,dem1376,20803.0,49.38
1376,dem1377,281698.0,51.5
1377,dem1378,100263.0,51.56
1378,dem1379,25816.0,50.91
1379,dem1380,11343.0,50.33
1380,dem1381,4046.0,50.2
1381,dem1382,20988.0,48.78
1382,dem1383,19761.0,50.38
1383,dem1384,16506.0,50.01
1384,dem1385,106290.0,51.49
1385,dem1386,3891.0,49.33
1386,dem1387,3929.0,48.15
1387,dem1388,5615.0,47.2
1388,dem1389,5406.0,49.08
1389,dem1390,8762.0,49.02
1390,dem1391,11784.0,46.5
1391,dem1392,65233.0,50.29
1392,dem1393,13320.0,49.14
1393,dem1394,3325.0,49.06
1394,dem1395,31021.0,49.31
1395,dem1396,4637.0,49.21
1396,dem1397,37533.0,50.21
1397,dem1398,15899.0,50.29
1398,dem1399,8416.0,50.44
1399,dem1400,191203.0,52.04
1400,dem1401,28015.0,49.15
1401,dem1402,8221.0,52.41
1402,dem1403,7782.0,47.96
1403,dem1404,19803.0,50.42
1404,dem1405,18056.0,49.45
1405,dem1406,12574.0,49.48
1406,dem1407,5938.0,48.79
1407,dem1408,18576.0,49.29
1408,dem1409,6218.0,48.7
1409,dem1410,4065.0,46.23
1410,dem1411,9160.0,50.4
1411,dem1412,19179.0,50.0
1412,dem1413,90763.0,50.61
1413,dem1414,33046.0,51.22
1414,dem1415,24995.0,49.85
1415,dem1416,57354.0,51.82
1416,dem1417,8152.0,50.06
1417,dem1418,6397.0,49.39
1418,dem1419,9530.0,49.94
1419,dem1420,20957.0,50.65
1420,dem1421,19509.0,52.75
1421,dem1422,7785.0,50.6
1422,dem1423,186545.0,52.36
1423,dem1424,6303.0,52.83
1424,dem1425,86785.0,51.63
1425,dem1426,30052.0,51.57
1426,dem1427,73979.0,53.59
1427,dem1428,48878.0,51.59
1428,dem1429,9246.0,50.35
1429,dem1430,14507.0,50.59
1430,dem1431,12501.0,50.82
1431,dem1432,165064.0,52.65
1432,dem1433,8659.0,49.74
1433,dem1434,1212663.0,53.55
1434,dem1435,78319.0,51.46
1435,dem1436,15148.0,50.02
1436,dem1437,3634.0,47.42
1437,dem1438,24981.0,51.22
1438,dem1439,3752.0,46.33
1439,dem1440,23851.0,50.17
1440,dem1441,8603.0,49.81
1441,dem1442,4312.0,47.92
1442,dem1443,12902.0,51.26
1443,dem1444,3318.0,49.54
1444,dem1445,403443.0,51.48
1445,dem1446,7532.0,51.52
1446,dem1447,19269.0,50.56
1447,dem1448,6550.0,49.82
1448,dem1449,4343.0,48.93
1449,dem1450,6252.0,50.77
1450,dem1451,7372.0,49.34
1451,dem1452,4427.0,48.68
1452,dem1453,4644.0,48.46
1453,dem1454,13677.0,50.98
1454,dem1455,4194.0,33.53
1455,dem1456,7628.0,50.49
1456,dem1457,1223.0,47.74
1457,dem1458,80052.0,51.09
1458,dem1459,4071.0,47.69
1459,dem1460,5424.0,48.33
1460,dem1461,17358.0,50.72
1461,dem1462,1108.0,46.03
1462,dem1463,3527.0,49.8
1463,dem1464,1387.0,48.13
1464,dem1465,8806.0,50.01
1465,dem1466,15552.0,45.04
1466,dem1467,7267.0,49.08
1467,dem1468,58520.0,51.27
1468,dem1469,2172.0,47.42
1469,dem1470,3073.0,48.95
1470,dem1471,12779.0,49.61
1471,dem1472,4254.0,49.55
1472,dem1473,12868.0,50.65
1473,dem1474,6034.0,50.34
1474,dem1475,80344.0,51.65
1475,dem1476,3955.0,47.91
1476,dem1477,9183.0,49.19
1477,dem1478,5758.0,49.92
1478,dem1479,5617.0,49.3
1479,dem1480,6631.0,51.75
1480,dem1481,13121.0,50.26
1481,dem1482,11711.0,49.06
1482,dem1483,3774.0,48.38
1483,dem1484,4845.0,50.63
1484,dem1485,6167.0,50.44
1485,dem1486,7182.0,50.15
1486,dem1487,15735.0,50.18
1487,dem1488,14366.0,50.53
1488,dem1489,18472.0,49.67
1489,dem1490,20051.0,50.14
1490,dem1491,6021.0,48.11
1491,dem1492,19348.0,50.3
1492,dem1493,10843.0,49.44
1493,dem1494,6784.0,50.9
1494,dem1495,15062.0,50.05
1495,dem1496,7352.0,50.14
1496,dem1497,20628.0,49.89
1497,dem1498,13436.0,48.36
1498,dem1499,7206.0,49.32
1499,dem1500,4216.0,50.33
1500,dem1501,4257.0,49.54
1501,dem1502,5070.0,50.32
1502,dem1503,28175.0,50.95
1503,dem1504,10520.0,50.05
1504,dem1505,27668.0,50.6
1505,dem1506,10676.0,53.33
1506,dem1507,11775.0,49.32
1507,dem1508,2331.0,48.24
1508,dem1509,5287.0,52.4
1509,dem1510,49755.0,51.33
1510,dem1511,2284.0,49.63
1511,dem1512,14749.0,47.84
1512,dem1513,4687.0,47.91
1513,dem1514,3934.0,47.71
1514,dem1515,290264.0,51.76
1515,dem1516,27771.0,50.31
1516,dem1517,3516.0,48.3
1517,dem1518,13820.0,50.4
1518,dem1519,9222.0,47.53
1519,dem1520,2945.0,49.65
1520,dem1521,21592.0,48.11
1521,dem1522,13724.0,49.91
1522,dem1523,1270.0,45.73
1523,dem1524,1359799.0,52.84
1524,dem1525,0.0,0.0
1525,dem1526,0.0,0.0
1526,dem1527,0.0,0.0
1527,dem1528,0.0,0.0
1528,dem1529,0.0,0.0
1529,dem1530,0.0,0.0
1530,dem1531,0.0,0.0
1531,dem1532,0.0,0.0
1532,dem1533,0.0,0.0
1533,dem1534,0.0,0.0
1534,dem1535,0.0,0.0
1535,dem1536,0.0,0.0
1536,dem1537,0.0,0.0
1537,dem1538,0.0,0.0
1538,dem1539,0.0,0.0
1539,dem1540,0.0,0.0
1540,dem1541,0.0,0.0
1541,dem1542,0.0,0.0
1542,dem1543,0.0,0.0
1543,dem1544,0.0,0.0
1544,dem1545,0.0,0.0
1545,dem1546,0.0,0.0
1546,dem1547,0.0,0.0
1547,dem1548,0.0,0.0
1548,dem1549,0.0,0.0
1549,dem1550,0.0,0.0
1550,dem1551,0.0,0.0
1551,dem1552,0.0,0.0
1552,dem1553,0.0,0.0
1553,dem1554,0.0,0.0
1554,dem1555,0.0,0.0
1555,dem1556,0.0,0.0
1556,dem1557,0.0,0.0
1557,dem1558,0.0,0.0
1558,dem1559,0.0,0.0
1559,dem1560,0.0,0.0
1560,dem1561,0.0,0.0
1561,dem1562,0.0,0.0
1562,dem1563,0.0,0.0
1563,dem1564,0.0,0.0
1564,dem1565,0.0,0.0
1565,dem1566,0.0,0.0
1566,dem1567,0.0,0.0
1567,dem1568,0.0,0.0
1568,dem1569,0.0,0.0
1569,dem1570,0.0,0.0
1570,dem1571,0.0,0.0
1571,dem1572,0.0,0.0
1572,dem1573,0.0,0.0
1573,dem1574,0.0,0.0
1574,dem1575,0.0,0.0
1575,dem1576,0.0,0.0
1576,dem1577,0.0,0.0
1577,dem1578,0.0,0.0
1578,dem1579,0.0,0.0
1579,dem1580,0.0,0.0
1580,dem1581,0.0,0.0
1581,dem1582,0.0,0.0
1582,dem1583,0.0,0.0
1583,dem1584,0.0,0.0
1584,dem1585,0.0,0.0
1585,dem1586,0.0,0.0
1586,dem1587,0.0,0.0
1587,dem1588,0.0,0.0
1588,dem1589,0.0,0.0
1589,dem1590,0.0,0.0
1590,dem1591,0.0,0.0
1591,dem1592,0.0,0.0
1592,dem1593,0.0,0.0
1593,dem1594,0.0,0.0
1594,dem1595,0.0,0.0
1595,dem1596,0.0,0.0
1596,dem1597,0.0,0.0
1597,dem1598,0.0,0.0
1598,dem1599,0.0,0.0
1599,dem1600,0.0,0.0
1600,dem1601,0.0,0.0
1601,dem1602,0.0,0.0
1602,dem1603,0.0,0.0
1603,dem1604,0.0,0.0
1604,dem1605,0.0,0.0
1605,dem1606,0.0,0.0
1606,dem1607,0.0,0.0
1607,dem1608,0.0,0.0
1608,dem1609,0.0,0.0
1609,dem1610,0.0,0.0
1610,dem1611,0.0,0.0
1611,dem1612,0.0,0.0
1612,dem1613,0.0,0.0
1613,dem1614,0.0,0.0
1614,dem1615,0.0,0.0
1615,dem1616,0.0,0.0
1616,dem1617,0.0,0.0
1617,dem1618,0.0,0.0
1618,dem1619,0.0,0.0
1619,dem1620,0.0,0.0
1620,dem1621,0.0,0.0
1621,dem1622,0.0,0.0
1622,dem1623,0.0,0.0
1623,dem1624,0.0,0.0
1624,dem1625,0.0,0.0
1625,dem1626,0.0,0.0
1626,dem1627,0.0,0.0
1627,dem1628,0.0,0.0
1628,dem1629,0.0,0.0
1629,dem1630,0.0,0.0
1630,dem1631,0.0,0.0
1631,dem1632,0.0,0.0
1632,dem1633,0.0,0.0
1633,dem1634,0.0,0.0
1634,dem1635,0.0,0.0
1635,dem1636,0.0,0.0
1636,dem1637,0.0,0.0
1637,dem1638,0.0,0.0
1638,dem1639,0.0,0.0
1639,dem1640,0.0,0.0
1640,dem1641,0.0,0.0
1641,dem1642,0.0,0.0
1642,dem1643,0.0,0.0
1643,dem1644,0.0,0.0
1644,dem1645,0.0,0.0
1645,dem1646,0.0,0.0
1646,dem1647,0.0,0.0
1647,dem1648,0.0,0.0
1648,dem1649,0.0,0.0
1649,dem1650,0.0,0.0
1650,dem1651,0.0,0.0
1651,dem1652,0.0,0.0
1652,dem1653,0.0,0.0
1653,dem1654,0.0,0.0
1654,dem1655,0.0,0.0
1655,dem1656,0.0,0.0
1656,dem1657,0.0,0.0
1657,dem1658,0.0,0.0
1658,dem1659,0.0,0.0
1659,dem1660,0.0,0.0
1660,dem1661,0.0,0.0
1661,dem1662,0.0,0.0
1662,dem1663,0.0,0.0
1663,dem1664,0.0,0.0
1664,dem1665,0.0,0.0
1665,dem1666,0.0,0.0
1666,dem1667,0.0,0.0
1667,dem1668,0.0,0.0
1668,dem1669,0.0,0.0
1669,dem1670,0.0,0.0
1670,dem1671,0.0,0.0
1671,dem1672,0.0,0.0
1672,dem1673,0.0,0.0
1673,dem1674,0.0,0.0
1674,dem1675,0.0,0.0
1675,dem1676,0.0,0.0
1676,dem1677,0.0,0.0
1677,dem1678,0.0,0.0
1678,dem1679,0.0,0.0
1679,dem1680,0.0,0.0
1680,dem1681,0.0,0.0
1681,dem1682,0.0,0.0
1682,dem1683,0.0,0.0
1683,dem1684,0.0,0.0
1684,dem1685,0.0,0.0
1685,dem1686,0.0,0.0
1686,dem1687,0.0,0.0
1687,dem1688,0.0,0.0
1688,dem1689,0.0,0.0
1689,dem1690,0.0,0.0
1690,dem1691,0.0,0.0
1691,dem1692,0.0,0.0
1692,dem1693,0.0,0.0
1693,dem1694,0.0,0.0
1694,dem1695,0.0,0.0
1695,dem1696,0.0,0.0
1696,dem1697,0.0,0.0
1697,dem1698,0.0,0.0
1698,dem1699,0.0,0.0
1699,dem1700,0.0,0.0
1700,dem1701,0.0,0.0
1701,dem1702,0.0,0.0
1702,dem1703,0.0,0.0
1703,dem1704,0.0,0.0
1704,dem1705,0.0,0.0
1705,dem1706,0.0,0.0
1706,dem1707,0.0,0.0
1707,dem1708,0.0,0.0
1708,dem1709,0.0,0.0
1709,dem1710,0.0,0.0
1710,dem1711,0.0,0.0
1711,dem1712,0.0,0.0
1712,dem1713,0.0,0.0
1713,dem1714,0.0,0.0
1714,dem1715,0.0,0.0
1715,dem1716,0.0,0.0
1716,dem1717,0.0,0.0
1717,dem1718,0.0,0.0
1718,dem1719,0.0,0.0
1719,dem1720,0.0,0.0
1720,dem1721,0.0,0.0
1721,dem1722,0.0,0.0
1722,dem1723,0.0,0.0
1723,dem1724,0.0,0.0
1724,dem1725,0.0,0.0
1725,dem1726,0.0,0.0
1726,dem1727,0.0,0.0
1727,dem1728,0.0,0.0
1728,dem1729,0.0,0.0
1729,dem1730,0.0,0.0
1730,dem1731,0.0,0.0
1731,dem1732,0.0,0.0
1732,dem1733,0.0,0.0
1733,dem1734,0.0,0.0
1734,dem1735,0.0,0.0
1735,dem1736,0.0,0.0
1736,dem1737,0.0,0.0
1737,dem1738,0.0,0.0
1738,dem1739,0.0,0.0
1739,dem1740,0.0,0.0
1740,dem1741,0.0,0.0
1741,dem1742,0.0,0.0
1742,dem1743,0.0,0.0
1743,dem1744,0.0,0.0
1744,dem1745,0.0,0.0
1745,dem1746,0.0,0.0
1746,dem1747,0.0,0.0
1747,dem1748,0.0,0.0
1748,dem1749,0.0,0.0
1749,dem1750,0.0,0.0
1750,dem1751,0.0,0.0
1751,dem1752,0.0,0.0
1752,dem1753,0.0,0.0
1753,dem1754,0.0,0.0
1754,dem1755,0.0,0.0
1755,dem1756,0.0,0.0
1756,dem1757,0.0,0.0
1757,dem1758,0.0,0.0
1758,dem1759,0.0,0.0
1759,dem1760,0.0,0.0
1760,dem1761,0.0,0.0
1761,dem1762,0.0,0.0
1762,dem1763,0.0,0.0
1763,dem1764,0.0,0.0
1764,dem1765,0.0,0.0
1765,dem1766,0.0,0.0
1766,dem1767,0.0,0.0
1767,dem1768,0.0,0.0
1768,dem1769,0.0,0.0
1769,dem1770,0.0,0.0
1770,dem1771,0.0,0.0
1771,dem1772,0.0,0.0
1772,dem1773,0.0,0.0
1773,dem1774,0.0,0.0
1774,dem1775,0.0,0.0
1775,dem1776,0.0,0.0
1776,dem1777,0.0,0.0
1777,dem1778,0.0,0.0
1778,dem1779,0.0,0.0
1779,dem1780,0.0,0.0
1780,dem1781,0.0,0.0
1781,dem1782,0.0,0.0
1782,dem1783,0.0,0.0
1783,dem1784,0.0,0.0
1784,dem1785,0.0,0.0
1785,dem1786,0.0,0.0
1786,dem1787,0.0,0.0
1787,dem1788,0.0,0.0
1788,dem1789,0.0,0.0
1789,dem1790,0.0,0.0
1790,dem1791,0.0,0.0
1791,dem1792,0.0,0.0
1792,dem1793,0.0,0.0
1793,dem1794,0.0,0.0
1794,dem1795,0.0,0.0
1795,dem1796,0.0,0.0
1796,dem1797,0.0,0.0
1797,dem1798,0.0,0.0
1798,dem1799,0.0,0.0
1799,dem1800,0.0,0.0
1800,dem1801,0.0,0.0
1801,dem1802,0.0,0.0
1802,dem1803,0.0,0.0
1803,dem1804,0.0,0.0
1804,dem1805,0.0,0.0
1805,dem1806,0.0,0.0
1806,dem1807,0.0,0.0
1807,dem1808,0.0,0.0
1808,dem1809,0.0,0.0
1809,dem1810,0.0,0.0
1810,dem1811,0.0,0.0
1811,dem1812,0.0,0.0
1812,dem1813,0.0,0.0
1813,dem1814,0.0,0.0
1814,dem1815,0.0,0.0
1815,dem1816,0.0,0.0
1816,dem1817,0.0,0.0
1817,dem1818,0.0,0.0
1818,dem1819,0.0,0.0
1819,dem1820,0.0,0.0
1820,dem1821,0.0,0.0
1821,dem1822,0.0,0.0
1822,dem1823,0.0,0.0
1823,dem1824,0.0,0.0
1824,dem1825,0.0,0.0
1825,dem1826,0.0,0.0
1826,dem1827,0.0,0.0
1827,dem1828,0.0,0.0
1828,dem1829,0.0,0.0
1829,dem1830,0.0,0.0
1830,dem1831,0.0,0.0
1831,dem1832,0.0,0.0
1832,dem1833,0.0,0.0
1833,dem1834,0.0,0.0
1834,dem1835,0.0,0.0
1835,dem1836,0.0,0.0
1836,dem1837,0.0,0.0
1837,dem1838,0.0,0.0
1838,dem1839,0.0,0.0
1839,dem1840,0.0,0.0
1840,dem1841,0.0,0.0
1841,dem1842,0.0,0.0
1842,dem1843,0.0,0.0
1843,dem1844,0.0,0.0
1844,dem1845,0.0,0.0
1845,dem1846,0.0,0.0
1846,dem1847,0.0,0.0
1847,dem1848,0.0,0.0
1848,dem1849,0.0,0.0
1849,dem1850,0.0,0.0
1850,dem1851,0.0,0.0
1851,dem1852,0.0,0.0
1852,dem1853,0.0,0.0
1853,dem1854,0.0,0.0
1854,dem1855,0.0,0.0
1855,dem1856,0.0,0.0
1856,dem1857,0.0,0.0
1857,dem1858,0.0,0.0
1858,dem1859,0.0,0.0
1859,dem1860,0.0,0.0
1860,dem1861,0.0,0.0
1861,dem1862,0.0,0.0
1862,dem1863,0.0,0.0
1863,dem1864,0.0,0.0
1864,dem1865,0.0,0.0
1865,dem1866,0.0,0.0
1866,dem1867,0.0,0.0
1867,dem1868,0.0,0.0
1868,dem1869,0.0,0.0
1869,dem1870,0.0,0.0
1870,dem1871,0.0,0.0
1871,dem1872,0.0,0.0
1872,dem1873,0.0,0.0
1873,dem1874,0.0,0.0
1874,dem1875,0.0,0.0
1875,dem1876,0.0,0.0
1876,dem1877,0.0,0.0
1877,dem1878,0.0,0.0
1878,dem1879,0.0,0.0
1879,dem1880,0.0,0.0
1880,dem1881,0.0,0.0
1881,dem1882,0.0,0.0
1882,dem1883,0.0,0.0
1883,dem1884,0.0,0.0
1884,dem1885,0.0,0.0
1885,dem1886,0.0,0.0
1886,dem1887,0.0,0.0
1887,dem1888,0.0,0.0
1888,dem1889,0.0,0.0
1889,dem1890,0.0,0.0
1890,dem1891,0.0,0.0
1891,dem1892,0.0,0.0
1892,dem1893,0.0,0.0
1893,dem1894,0.0,0.0
1894,dem1895,0.0,0.0
1895,dem1896,0.0,0.0
1896,dem1897,0.0,0.0
1897,dem1898,0.0,0.0
1898,dem1899,0.0,0.0
1899,dem1900,0.0,0.0
1900,dem1901,0.0,0.0
1901,dem1902,0.0,0.0
1902,dem1903,0.0,0.0
1903,dem1904,0.0,0.0
1904,dem1905,0.0,0.0
1905,dem1906,0.0,0.0
1906,dem1907,0.0,0.0
1907,dem1908,0.0,0.0
1908,dem1909,0.0,0.0
1909,dem1910,0.0,0.0
1910,dem1911,0.0,0.0
1911,dem1912,0.0,0.0
1912,dem1913,0.0,0.0
1913,dem1914,0.0,0.0
1914,dem1915,0.0,0.0
1915,dem1916,0.0,0.0
1916,dem1917,0.0,0.0
1917,dem1918,0.0,0.0
1918,dem1919,0.0,0.0
1919,dem1920,0.0,0.0
1920,dem1921,0.0,0.0
1921,dem1922,0.0,0.0
1922,dem1923,0.0,0.0
1923,dem1924,0.0,0.0
1924,dem1925,0.0,0.0
1925,dem1926,0.0,0.0
1926,dem1927,0.0,0.0
1927,dem1928,0.0,0.0
1928,dem1929,0.0,0.0
1929,dem1930,0.0,0.0
1930,dem1931,0.0,0.0
1931,dem1932,0.0,0.0
1932,dem1933,0.0,0.0
1933,dem1934,0.0,0.0
1934,dem1935,0.0,0.0
1935,dem1936,0.0,0.0
1936,dem1937,0.0,0.0
1937,dem1938,0.0,0.0
1938,dem1939,0.0,0.0
1939,dem1940,0.0,0.0
1940,dem1941,0.0,0.0
1941,dem1942,0.0,0.0
1942,dem1943,0.0,0.0
1943,dem1944,0.0,0.0
1944,dem1945,0.0,0.0
1945,dem1946,0.0,0.0
1946,dem1947,0.0,0.0
1947,dem1948,0.0,0.0
1948,dem1949,0.0,0.0
1949,dem1950,0.0,0.0
1950,dem1951,0.0,0.0
1951,dem1952,0.0,0.0
1952,dem1953,0.0,0.0
1953,dem1954,0.0,0.0
1954,dem1955,0.0,0.0
1955,dem1956,0.0,0.0
1956,dem1957,0.0,0.0
1957,dem1958,0.0,0.0
1958,dem1959,0.0,0.0
1959,dem1960,0.0,0.0
1960,dem1961,0.0,0.0
1961,dem1962,0.0,0.0
1962,dem1963,0.0,0.0
1963,dem1964,0.0,0.0
1964,dem1965,0.0,0.0
1965,dem1966,0.0,0.0
1966,dem1967,0.0,0.0
1967,dem1968,0.0,0.0
1968,dem1969,0.0,0.0
1969,dem1970,0.0,0.0
1970,dem1971,0.0,0.0
1971,dem1972,0.0,0.0
1972,dem1973,0.0,0.0
1973,dem1974,0.0,0.0
1974,dem1975,0.0,0.0
1975,dem1976,0.0,0.0
1976,dem1977,0.0,0.0
1977,dem1978,0.0,0.0
1978,dem1979,0.0,0.0
1979,dem1980,0.0,0.0
1980,dem1981,0.0,0.0
1981,dem1982,0.0,0.0
1982,dem1983,0.0,0.0
1983,dem1984,0.0,0.0
1984,dem1985,0.0,0.0
1985,dem1986,0.0,0.0
1986,dem1987,0.0,0.0
1987,dem1988,0.0,0.0
1988,dem1989,0.0,0.0
1989,dem1990,0.0,0.0
1990,dem1991,0.0,0.0
1991,dem1992,0.0,0.0
1992,dem1993,0.0,0.0
1993,dem1994,0.0,0.0
1994,dem1995,0.0,0.0
1995,dem1996,0.0,0.0
1996,dem1997,0.0,0.0
1997,dem1998,0.0,0.0
1998,dem1999,0.0,0.0
1999,dem2000,0.0,0.0
2000,dem2001,0.0,0.0
2001,dem2002,0.0,0.0
2002,dem2003,0.0,0.0
2003,dem2004,0.0,0.0
2004,dem2005,0.0,0.0
2005,dem2006,0.0,0.0
2006,dem2007,0.0,0.0
2007,dem2008,0.0,0.0
2008,dem2009,0.0,0.0
2009,dem2010,0.0,0.0
2010,dem2011,0.0,0.0
2011,dem2012,0.0,0.0
2012,dem2013,0.0,0.0
2013,dem2014,0.0,0.0
2014,dem2015,0.0,0.0
2015,dem2016,0.0,0.0
2016,dem2017,0.0,0.0
2017,dem2018,0.0,0.0
2018,dem2019,0.0,0.0
2019,dem2020,0.0,0.0
2020,dem2021,0.0,0.0
2021,dem2022,0.0,0.0
2022,dem2023,0.0,0.0
2023,dem2024,0.0,0.0
2024,dem2025,0.0,0.0
2025,dem2026,0.0,0.0
2026,dem2027,0.0,0.0
2027,dem2028,0.0,0.0
2028,dem2029,0.0,0.0
2029,dem2030,0.0,0.0
2030,dem2031,0.0,0.0
2031,dem2032,0.0,0.0
2032,dem2033,0.0,0.0
2033,dem2034,0.0,0.0
2034,dem2035,0.0,0.0
2035,dem2036,0.0,0.0
2036,dem2037,0.0,0.0
2037,dem2038,0.0,0.0
2038,dem2039,0.0,0.0
2039,dem2040,0.0,0.0
2040,dem2041,0.0,0.0
2041,dem2042,0.0,0.0
2042,dem2043,0.0,0.0
2043,dem2044,0.0,0.0
2044,dem2045,0.0,0.0
2045,dem2046,0.0,0.0
2046,dem2047,0.0,0.0
2047,dem2048,0.0,0.0
2048,dem2049,0.0,0.0
2049,dem2050,0.0,0.0
2050,dem2051,0.0,0.0
2051,dem2052,0.0,0.0
2052,dem2053,0.0,0.0
2053,dem2054,0.0,0.0
2054,dem2055,0.0,0.0
2055,dem2056,0.0,0.0
2056,dem2057,0.0,0.0
2057,dem2058,0.0,0.0
2058,dem2059,0.0,0.0
2059,dem2060,0.0,0.0
2060,dem2061,0.0,0.0
2061,dem2062,0.0,0.0
2062,dem2063,0.0,0.0
2063,dem2064,0.0,0.0
2064,dem2065,0.0,0.0
2065,dem2066,0.0,0.0
2066,dem2067,0.0,0.0
2067,dem2068,0.0,0.0
2068,dem2069,0.0,0.0
2069,dem2070,0.0,0.0
2070,dem2071,0.0,0.0
2071,dem2072,0.0,0.0
2072,dem2073,0.0,0.0
2073,dem2074,0.0,0.0
2074,dem2075,0.0,0.0
2075,dem2076,0.0,0.0
2076,dem2077,0.0,0.0
2077,dem2078,0.0,0.0
2078,dem2079,0.0,0.0
2079,dem2080,0.0,0.0
2080,dem2081,0.0,0.0
2081,dem2082,0.0,0.0
2082,dem2083,0.0,0.0
2083,dem2084,0.0,0.0
2084,dem2085,0.0,0.0
2085,dem2086,0.0,0.0
2086,dem2087,0.0,0.0
2087,dem2088,0.0,0.0
2088,dem2089,0.0,0.0
2089,dem2090,0.0,0.0
2090,dem2091,0.0,0.0
2091,dem2092,0.0,0.0
2092,dem2093,0.0,0.0
2093,dem2094,0.0,0.0
2094,dem2095,0.0,0.0
2095,dem2096,0.0,0.0
2096,dem2097,0.0,0.0
2097,dem2098,0.0,0.0
2098,dem2099,0.0,0.0
2099,dem2100,0.0,0.0
2100,dem2101,0.0,0.0
2101,dem2102,0.0,0.0
2102,dem2103,0.0,0.0
2103,dem2104,0.0,0.0
2104,dem2105,0.0,0.0
2105,dem2106,0.0,0.0
2106,dem2107,0.0,0.0
2107,dem2108,0.0,0.0
2108,dem2109,0.0,0.0
2109,dem2110,0.0,0.0
2110,dem2111,0.0,0.0
2111,dem2112,0.0,0.0
2112,dem2113,0.0,0.0
2113,dem2114,0.0,0.0
2114,dem2115,0.0,0.0
2115,dem2116,0.0,0.0
2116,dem2117,0.0,0.0
2117,dem2118,0.0,0.0
2118,dem2119,0.0,0.0
2119,dem2120,0.0,0.0
2120,dem2121,0.0,0.0
2121,dem2122,0.0,0.0
2122,dem2123,0.0,0.0
2123,dem2124,0.0,0.0
2124,dem2125,0.0,0.0
2125,dem2126,0.0,0.0
2126,dem2127,0.0,0.0
2127,dem2128,0.0,0.0
2128,dem2129,0.0,0.0
2129,dem2130,0.0,0.0
2130,dem2131,0.0,0.0
2131,dem2132,0.0,0.0
2132,dem2133,0.0,0.0
2133,dem2134,0.0,0.0
2134,dem2135,0.0,0.0
2135,dem2136,0.0,0.0
2136,dem2137,0.0,0.0
2137,dem2138,0.0,0.0
2138,dem2139,0.0,0.0
2139,dem2140,0.0,0.0
2140,dem2141,0.0,0.0
2141,dem2142,0.0,0.0
2142,dem2143,0.0,0.0
2143,dem2144,0.0,0.0
2144,dem2145,0.0,0.0
2145,dem2146,0.0,0.0
2146,dem2147,0.0,0.0
2147,dem2148,0.0,0.0
2148,dem2149,0.0,0.0
2149,dem2150,0.0,0.0
2150,dem2151,0.0,0.0
2151,dem2152,0.0,0.0
2152,dem2153,0.0,0.0
2153,dem2154,0.0,0.0
2154,dem2155,0.0,0.0
2155,dem2156,0.0,0.0
2156,dem2157,0.0,0.0
2157,dem2158,0.0,0.0
2158,dem2159,0.0,0.0
2159,dem2160,0.0,0.0
2160,dem2161,0.0,0.0
2161,dem2162,0.0,0.0
2162,dem2163,0.0,0.0
2163,dem2164,0.0,0.0
2164,dem2165,0.0,0.0
2165,dem2166,0.0,0.0
2166,dem2167,0.0,0.0
2167,dem2168,0.0,0.0
2168,dem2169,0.0,0.0
2169,dem2170,0.0,0.0
2170,dem2171,0.0,0.0
2171,dem2172,0.0,0.0
2172,dem2173,0.0,0.0
2173,dem2174,0.0,0.0
2174,dem2175,0.0,0.0
2175,dem2176,0.0,0.0
2176,dem2177,0.0,0.0
2177,dem2178,0.0,0.0
2178,dem2179,0.0,0.0
2179,dem2180,0.0,0.0
2180,dem2181,0.0,0.0
2181,dem2182,0.0,0.0
2182,dem2183,0.0,0.0
2183,dem2184,0.0,0.0
2184,dem2185,0.0,0.0
2185,dem2186,0.0,0.0
2186,dem2187,0.0,0.0
2187,dem2188,0.0,0.0
2188,dem2189,0.0,0.0
2189,dem2190,0.0,0.0
2190,dem2191,0.0,0.0
2191,dem2192,0.0,0.0
2192,dem2193,0.0,0.0
2193,dem2194,0.0,0.0
2194,dem2195,0.0,0.0
2195,dem2196,0.0,0.0
2196,dem2197,0.0,0.0
2197,dem2198,0.0,0.0
2198,dem2199,0.0,0.0
2199,dem2200,0.0,0.0
2200,dem2201,0.0,0.0
2201,dem2202,0.0,0.0
2202,dem2203,0.0,0.0
2203,dem2204,0.0,0.0
2204,dem2205,0.0,0.0
2205,dem2206,0.0,0.0
2206,dem2207,0.0,0.0
2207,dem2208,0.0,0.0
2208,dem2209,0.0,0.0
2209,dem2210,0.0,0.0
2210,dem2211,0.0,0.0
2211,dem2212,0.0,0.0
2212,dem2213,0.0,0.0
2213,dem2214,0.0,0.0
2214,dem2215,0.0,0.0
2215,dem2216,0.0,0.0
2216,dem2217,0.0,0.0
2217,dem2218,0.0,0.0
2218,dem2219,0.0,0.0
2219,dem2220,0.0,0.0
2220,dem2221,0.0,0.0
2221,dem2222,0.0,0.0
2222,dem2223,0.0,0.0
2223,dem2224,0.0,0.0
2224,dem2225,0.0,0.0
2225,dem2226,0.0,0.0
2226,dem2227,0.0,0.0
2227,dem2228,0.0,0.0
2228,dem2229,0.0,0.0
2229,dem2230,0.0,0.0
2230,dem2231,0.0,0.0
2231,dem2232,0.0,0.0
2232,dem2233,0.0,0.0
2233,dem2234,0.0,0.0
2234,dem2235,0.0,0.0
2235,dem2236,0.0,0.0
2236,dem2237,0.0,0.0
2237,dem2238,0.0,0.0
2238,dem2239,0.0,0.0
2239,dem2240,0.0,0.0
2240,dem2241,0.0,0.0
2241,dem2242,0.0,0.0
2242,dem2243,0.0,0.0
2243,dem2244,0.0,0.0
2244,dem2245,0.0,0.0
2245,dem2246,0.0,0.0
2246,dem2247,0.0,0.0
2247,dem2248,0.0,0.0
2248,dem2249,0.0,0.0
2249,dem2250,0.0,0.0
2250,dem2251,0.0,0.0
2251,dem2252,0.0,0.0
2252,dem2253,0.0,0.0
2253,dem2254,0.0,0.0
2254,dem2255,0.0,0.0
2255,dem2256,0.0,0.0
2256,dem2257,0.0,0.0
2257,dem2258,0.0,0.0
2258,dem2259,0.0,0.0
2259,dem2260,0.0,0.0
2260,dem2261,0.0,0.0
2261,dem2262,0.0,0.0
2262,dem2263,0.0,0.0
2263,dem2264,0.0,0.0
2264,dem2265,0.0,0.0
2265,dem2266,0.0,0.0
2266,dem2267,0.0,0.0
2267,dem2268,0.0,0.0
2268,dem2269,0.0,0.0
2269,dem2270,0.0,0.0
2270,dem2271,0.0,0.0
2271,dem2272,0.0,0.0
2272,dem2273,0.0,0.0
2273,dem2274,0.0,0.0
2274,dem2275,0.0,0.0
2275,dem2276,0.0,0.0
2276,dem2277,0.0,0.0
2277,dem2278,0.0,0.0
2278,dem2279,0.0,0.0
2279,dem2280,0.0,0.0
2280,dem2281,0.0,0.0
2281,dem2282,0.0,0.0
2282,dem2283,0.0,0.0
2283,dem2284,0.0,0.0
2284,dem2285,0.0,0.0
2285,dem2286,0.0,0.0
2286,dem2287,0.0,0.0
2287,dem2288,0.0,0.0
2288,dem2289,0.0,0.0
2289,dem2290,0.0,0.0
2290,dem2291,0.0,0.0
2291,dem2292,0.0,0.0
2292,dem2293,0.0,0.0
2293,dem2294,0.0,0.0
2294,dem2295,0.0,0.0
2295,dem2296,0.0,0.0
2296,dem2297,0.0,0.0
2297,dem2298,0.0,0.0
2298,dem2299,0.0,0.0
2299,dem2300,0.0,0.0
2300,dem2301,0.0,0.0
2301,dem2302,0.0,0.0
2302,dem2303,0.0,0.0
2303,dem2304,0.0,0.0
2304,dem2305,0.0,0.0
2305,dem2306,0.0,0.0
2306,dem2307,0.0,0.0
2307,dem2308,0.0,0.0
2308,dem2309,0.0,0.0
2309,dem2310,0.0,0.0
2310,dem2311,0.0,0.0
2311,dem2312,0.0,0.0
2312,dem2313,0.0,0.0
2313,dem2314,0.0,0.0
2314,dem2315,0.0,0.0
2315,dem2316,0.0,0.0
2316,dem2317,0.0,0.0
2317,dem2318,0.0,0.0
2318,dem2319,0.0,0.0
2319,dem2320,0.0,0.0
2320,dem2321,0.0,0.0
2321,dem2322,0.0,0.0
2322,dem2323,0.0,0.0
2323,dem2324,0.0,0.0
2324,dem2325,0.0,0.0
2325,dem2326,0.0,0.0
2326,dem2327,0.0,0.0
2327,dem2328,0.0,0.0
2328,dem2329,0.0,0.0
2329,dem2330,0.0,0.0
2330,dem2331,0.0,0.0
2331,dem2332,0.0,0.0
2332,dem2333,0.0,0.0
2333,dem2334,0.0,0.0
2334,dem2335,0.0,0.0
2335,dem2336,0.0,0.0
2336,dem2337,0.0,0.0
2337,dem2338,0.0,0.0
2338,dem2339,0.0,0.0
2339,dem2340,0.0,0.0
2340,dem2341,0.0,0.0
2341,dem2342,0.0,0.0
2342,dem2343,0.0,0.0
2343,dem2344,0.0,0.0
2344,dem2345,0.0,0.0
2345,dem2346,0.0,0.0
2346,dem2347,0.0,0.0
2347,dem2348,0.0,0.0
2348,dem2349,0.0,0.0
2349,dem2350,0.0,0.0
2350,dem2351,0.0,0.0
2351,dem2352,0.0,0.0
2352,dem2353,0.0,0.0
2353,dem2354,0.0,0.0
2354,dem2355,0.0,0.0
2355,dem2356,0.0,0.0
2356,dem2357,0.0,0.0
2357,dem2358,0.0,0.0
2358,dem2359,0.0,0.0
2359,dem2360,0.0,0.0
2360,dem2361,0.0,0.0
2361,dem2362,0.0,0.0
2362,dem2363,0.0,0.0
2363,dem2364,0.0,0.0
2364,dem2365,0.0,0.0
2365,dem2366,0.0,0.0
2366,dem2367,0.0,0.0
2367,dem2368,0.0,0.0
2368,dem2369,0.0,0.0
2369,dem2370,0.0,0.0
2370,dem2371,0.0,0.0
2371,dem2372,0.0,0.0
2372,dem2373,0.0,0.0
2373,dem2374,0.0,0.0
2374,dem2375,0.0,0.0
2375,dem2376,0.0,0.0
2376,dem2377,0.0,0.0
2377,dem2378,0.0,0.0
2378,dem2379,0.0,0.0
2379,dem2380,0.0,0.0
2380,dem2381,0.0,0.0
2381,dem2382,0.0,0.0
2382,dem2383,0.0,0.0
2383,dem2384,0.0,0.0
2384,dem2385,0.0,0.0
2385,dem2386,0.0,0.0
2386,dem2387,0.0,0.0
2387,dem2388,0.0,0.0
2388,dem2389,0.0,0.0
2389,dem2390,0.0,0.0
2390,dem2391,0.0,0.0
2391,dem2392,0.0,0.0
2392,dem2393,0.0,0.0
2393,dem2394,0.0,0.0
2394,dem2395,0.0,0.0
2395,dem2396,0.0,0.0
2396,dem2397,0.0,0.0
2397,dem2398,0.0,0.0
2398,dem2399,0.0,0.0
2399,dem2400,0.0,0.0
2400,dem2401,0.0,0.0
2401,dem2402,0.0,0.0
2402,dem2403,0.0,0.0
2403,dem2404,0.0,0.0
2404,dem2405,0.0,0.0
2405,dem2406,0.0,0.0
2406,dem2407,0.0,0.0
2407,dem2408,0.0,0.0
2408,dem2409,0.0,0.0
2409,dem2410,0.0,0.0
2410,dem2411,0.0,0.0
2411,dem2412,0.0,0.0
2412,dem2413,0.0,0.0
2413,dem2414,0.0,0.0
2414,dem2415,0.0,0.0
2415,dem2416,0.0,0.0
2416,dem2417,0.0,0.0
2417,dem2418,0.0,0.0
2418,dem2419,0.0,0.0
2419,dem2420,0.0,0.0
2420,dem2421,0.0,0.0
2421,dem2422,0.0,0.0
2422,dem2423,0.0,0.0
2423,dem2424,0.0,0.0
2424,dem2425,0.0,0.0
2425,dem2426,0.0,0.0
2426,dem2427,0.0,0.0
2427,dem2428,0.0,0.0
2428,dem2429,0.0,0.0
2429,dem2430,0.0,0.0
2430,dem2431,0.0,0.0
2431,dem2432,0.0,0.0
2432,dem2433,0.0,0.0
2433,dem2434,0.0,0.0
2434,dem2435,0.0,0.0
2435,dem2436,0.0,0.0
2436,dem2437,0.0,0.0
2437,dem2438,0.0,0.0
2438,dem2439,0.0,0.0
2439,dem2440,0.0,0.0
2440,dem2441,0.0,0.0
2441,dem2442,0.0,0.0
2442,dem2443,0.0,0.0
2443,dem2444,0.0,0.0
2444,dem2445,0.0,0.0
2445,dem2446,0.0,0.0
2446,dem2447,0.0,0.0
2447,dem2448,0.0,0.0
2448,dem2449,0.0,0.0
2449,dem2450,0.0,0.0
2450,dem2451,0.0,0.0
2451,dem2452,0.0,0.0
2452,dem2453,0.0,0.0
2453,dem2454,0.0,0.0
2454,dem2455,0.0,0.0
2455,dem2456,0.0,0.0
2456,dem2457,0.0,0.0
2457,dem2458,0.0,0.0
2458,dem2459,0.0,0.0
2459,dem2460,0.0,0.0
2460,dem2461,0.0,0.0
2461,dem2462,0.0,0.0
2462,dem2463,0.0,0.0
2463,dem2464,0.0,0.0
2464,dem2465,0.0,0.0
2465,dem2466,0.0,0.0
2466,dem2467,0.0,0.0
2467,dem2468,0.0,0.0
2468,dem2469,0.0,0.0
2469,dem2470,0.0,0.0
2470,dem2471,0.0,0.0
2471,dem2472,0.0,0.0
2472,dem2473,0.0,0.0
2473,dem2474,0.0,0.0
2474,dem2475,0.0,0.0
2475,dem2476,0.0,0.0
2476,dem2477,0.0,0.0
2477,dem2478,0.0,0.0
2478,dem2479,0.0,0.0
2479,dem2480,0.0,0.0
2480,dem2481,0.0,0.0
2481,dem2482,0.0,0.0
2482,dem2483,0.0,0.0
2483,dem2484,0.0,0.0
2484,dem2485,0.0,0.0
2485,dem2486,0.0,0.0
2486,dem2487,0.0,0.0
2487,dem2488,0.0,0.0
2488,dem2489,0.0,0.0
2489,dem2490,0.0,0.0
2490,dem2491,0.0,0.0
2491,dem2492,0.0,0.0
2492,dem2493,0.0,0.0
2493,dem2494,0.0,0.0
2494,dem2495,0.0,0.0
2495,dem2496,0.0,0.0
2496,dem2497,0.0,0.0
2497,dem2498,0.0,0.0
2498,dem2499,0.0,0.0
2499,dem2500,0.0,0.0
2500,dem2501,0.0,0.0
2501,dem2502,0.0,0.0
2502,dem2503,0.0,0.0
2503,dem2504,0.0,0.0
2504,dem2505,0.0,0.0
2505,dem2506,0.0,0.0
2506,dem2507,0.0,0.0
2507,dem2508,0.0,0.0
2508,dem2509,0.0,0.0
2509,dem2510,0.0,0.0
2510,dem2511,0.0,0.0
2511,dem2512,0.0,0.0
2512,dem2513,0.0,0.0
2513,dem2514,0.0,0.0
2514,dem2515,0.0,0.0
2515,dem2516,0.0,0.0
2516,dem2517,0.0,0.0
2517,dem2518,0.0,0.0
2518,dem2519,0.0,0.0
2519,dem2520,0.0,0.0
2520,dem2521,0.0,0.0
2521,dem2522,0.0,0.0
2522,dem2523,0.0,0.0
2523,dem2524,0.0,0.0
2524,dem2525,0.0,0.0
2525,dem2526,0.0,0.0
2526,dem2527,0.0,0.0
2527,dem2528,0.0,0.0
2528,dem2529,0.0,0.0
2529,dem2530,0.0,0.0
2530,dem2531,0.0,0.0
2531,dem2532,0.0,0.0
2532,dem2533,0.0,0.0
2533,dem2534,0.0,0.0
2534,dem2535,0.0,0.0
2535,dem2536,0.0,0.0
2536,dem2537,0.0,0.0
2537,dem2538,0.0,0.0
2538,dem2539,0.0,0.0
2539,dem2540,0.0,0.0
2540,dem2541,0.0,0.0
2541,dem2542,0.0,0.0
2542,dem2543,0.0,0.0
2543,dem2544,0.0,0.0
2544,dem2545,0.0,0.0
2545,dem2546,0.0,0.0
2546,dem2547,0.0,0.0
2547,dem2548,0.0,0.0
2548,dem2549,0.0,0.0
2549,dem2550,0.0,0.0
2550,dem2551,0.0,0.0
2551,dem2552,0.0,0.0
2552,dem2553,0.0,0.0
2553,dem2554,0.0,0.0
2554,dem2555,0.0,0.0
2555,dem2556,0.0,0.0
2556,dem2557,0.0,0.0
2557,dem2558,0.0,0.0
2558,dem2559,0.0,0.0
2559,dem2560,0.0,0.0
2560,dem2561,0.0,0.0
2561,dem2562,0.0,0.0
2562,dem2563,0.0,0.0
2563,dem2564,0.0,0.0
2564,dem2565,0.0,0.0
2565,dem2566,0.0,0.0
2566,dem2567,0.0,0.0
2567,dem2568,0.0,0.0
2568,dem2569,0.0,0.0
2569,dem2570,0.0,0.0
2570,dem2571,0.0,0.0
2571,dem2572,0.0,0.0
2572,dem2573,0.0,0.0
2573,dem2574,0.0,0.0
2574,dem2575,0.0,0.0
2575,dem2576,0.0,0.0
2576,dem2577,0.0,0.0
2577,dem2578,0.0,0.0
2578,dem2579,0.0,0.0
2579,dem2580,0.0,0.0
2580,dem2581,0.0,0.0
2581,dem2582,0.0,0.0
2582,dem2583,0.0,0.0
2583,dem2584,0.0,0.0
2584,dem2585,0.0,0.0
2585,dem2586,0.0,0.0
2586,dem2587,0.0,0.0
2587,dem2588,0.0,0.0
2588,dem2589,0.0,0.0
2589,dem2590,0.0,0.0
2590,dem2591,0.0,0.0
2591,dem2592,0.0,0.0
2592,dem2593,0.0,0.0
2593,dem2594,0.0,0.0
2594,dem2595,0.0,0.0
2595,dem2596,0.0,0.0
2596,dem2597,0.0,0.0
2597,dem2598,0.0,0.0
2598,dem2599,0.0,0.0
2599,dem2600,0.0,0.0
2600,dem2601,0.0,0.0
2601,dem2602,0.0,0.0
2602,dem2603,0.0,0.0
2603,dem2604,0.0,0.0
2604,dem2605,0.0,0.0
2605,dem2606,0.0,0.0
2606,dem2607,0.0,0.0
2607,dem2608,0.0,0.0
2608,dem2609,0.0,0.0
2609,dem2610,0.0,0.0
2610,dem2611,0.0,0.0
2611,dem2612,0.0,0.0
2612,dem2613,0.0,0.0
2613,dem2614,0.0,0.0
2614,dem2615,0.0,0.0
2615,dem2616,0.0,0.0
2616,dem2617,0.0,0.0
2617,dem2618,0.0,0.0
2618,dem2619,0.0,0.0
2619,dem2620,0.0,0.0
2620,dem2621,0.0,0.0
2621,dem2622,0.0,0.0
2622,dem2623,0.0,0.0
2623,dem2624,0.0,0.0
2624,dem2625,0.0,0.0
2625,dem2626,0.0,0.0
2626,dem2627,0.0,0.0
2627,dem2628,0.0,0.0
2628,dem2629,0.0,0.0
2629,dem2630,0.0,0.0
2630,dem2631,0.0,0.0
2631,dem2632,0.0,0.0
2632,dem2633,0.0,0.0
2633,dem2634,0.0,0.0
2634,dem2635,0.0,0.0
2635,dem2636,0.0,0.0
2636,dem2637,0.0,0.0
2637,dem2638,0.0,0.0
2638,dem2639,0.0,0.0
2639,dem2640,0.0,0.0
2640,dem2641,0.0,0.0
2641,dem2642,0.0,0.0
2642,dem2643,0.0,0.0
2643,dem2644,0.0,0.0
2644,dem2645,0.0,0.0
2645,dem2646,0.0,0.0
2646,dem2647,0.0,0.0
2647,dem2648,0.0,0.0
2648,dem2649,0.0,0.0
2649,dem2650,0.0,0.0
2650,dem2651,0.0,0.0
2651,dem2652,0.0,0.0
2652,dem2653,0.0,0.0
2653,dem2654,0.0,0.0
2654,dem2655,0.0,0.0
2655,dem2656,0.0,0.0
2656,dem2657,0.0,0.0
2657,dem2658,0.0,0.0
2658,dem2659,0.0,0.0
2659,dem2660,0.0,0.0
2660,dem2661,0.0,0.0
2661,dem2662,0.0,0.0
2662,dem2663,0.0,0.0
2663,dem2664,0.0,0.0
2664,dem2665,0.0,0.0
2665,dem2666,0.0,0.0
2666,dem2667,0.0,0.0
2667,dem2668,0.0,0.0
2668,dem2669,0.0,0.0
2669,dem2670,0.0,0.0
2670,dem2671,0.0,0.0
2671,dem2672,0.0,0.0
2672,dem2673,0.0,0.0
2673,dem2674,0.0,0.0
2674,dem2675,0.0,0.0
2675,dem2676,0.0,0.0
2676,dem2677,0.0,0.0
2677,dem2678,0.0,0.0
2678,dem2679,0.0,0.0
2679,dem2680,0.0,0.0
2680,dem2681,0.0,0.0
2681,dem2682,0.0,0.0
2682,dem2683,0.0,0.0
2683,dem2684,0.0,0.0
2684,dem2685,0.0,0.0
2685,dem2686,0.0,0.0
2686,dem2687,0.0,0.0
2687,dem2688,0.0,0.0
2688,dem2689,0.0,0.0
2689,dem2690,0.0,0.0
2690,dem2691,0.0,0.0
2691,dem2692,0.0,0.0
2692,dem2693,0.0,0.0
2693,dem2694,0.0,0.0
2694,dem2695,0.0,0.0
2695,dem2696,0.0,0.0
2696,dem2697,0.0,0.0
2697,dem2698,0.0,0.0
2698,dem2699,0.0,0.0
2699,dem2700,0.0,0.0
2700,dem2701,0.0,0.0
2701,dem2702,0.0,0.0
2702,dem2703,0.0,0.0
2703,dem2704,0.0,0.0
2704,dem2705,0.0,0.0
2705,dem2706,0.0,0.0
2706,dem2707,0.0,0.0
2707,dem2708,0.0,0.0
2708,dem2709,0.0,0.0
2709,dem2710,0.0,0.0
2710,dem2711,0.0,0.0
2711,dem2712,0.0,0.0
2712,dem2713,0.0,0.0
2713,dem2714,0.0,0.0
2714,dem2715,0.0,0.0
2715,dem2716,0.0,0.0
2716,dem2717,0.0,0.0
2717,dem2718,0.0,0.0
2718,dem2719,0.0,0.0
2719,dem2720,0.0,0.0
2720,dem2721,0.0,0.0
2721,dem2722,0.0,0.0
2722,dem2723,0.0,0.0
2723,dem2724,0.0,0.0
2724,dem2725,0.0,0.0
2725,dem2726,0.0,0.0
2726,dem2727,0.0,0.0
2727,dem2728,0.0,0.0
2728,dem2729,0.0,0.0
2729,dem2730,0.0,0.0
2730,dem2731,0.0,0.0
2731,dem2732,0.0,0.0
2732,dem2733,0.0,0.0
2733,dem2734,0.0,0.0
2734,dem2735,0.0,0.0
2735,dem2736,0.0,0.0
2736,dem2737,0.0,0.0
2737,dem2738,0.0,0.0
2738,dem2739,0.0,0.0
2739,dem2740,0.0,0.0
2740,dem2741,0.0,0.0
2741,dem2742,0.0,0.0
2742,dem2743,0.0,0.0
2743,dem2744,0.0,0.0
2744,dem2745,0.0,0.0
2745,dem2746,0.0,0.0
2746,dem2747,0.0,0.0
2747,dem2748,0.0,0.0
2748,dem2749,0.0,0.0
2749,dem2750,0.0,0.0
2750,dem2751,0.0,0.0
2751,dem2752,0.0,0.0
2752,dem2753,0.0,0.0
2753,dem2754,0.0,0.0
2754,dem2755,0.0,0.0
2755,dem2756,0.0,0.0
2756,dem2757,0.0,0.0
2757,dem2758,0.0,0.0
2758,dem2759,0.0,0.0
2759,dem2760,0.0,0.0
2760,dem2761,0.0,0.0
2761,dem2762,0.0,0.0
2762,dem2763,0.0,0.0
2763,dem2764,0.0,0.0
2764,dem2765,0.0,0.0
2765,dem2766,0.0,0.0
2766,dem2767,0.0,0.0
2767,dem2768,0.0,0.0
2768,dem2769,0.0,0.0
2769,dem2770,0.0,0.0
2770,dem2771,0.0,0.0
2771,dem2772,0.0,0.0
2772,dem2773,0.0,0.0
2773,dem2774,0.0,0.0
2774,dem2775,0.0,0.0
2775,dem2776,0.0,0.0
2776,dem2777,0.0,0.0
2777,dem2778,0.0,0.0
2778,dem2779,0.0,0.0
2779,dem2780,0.0,0.0
2780,dem2781,0.0,0.0
2781,dem2782,0.0,0.0
2782,dem2783,0.0,0.0
2783,dem2784,0.0,0.0
2784,dem2785,0.0,0.0
2785,dem2786,0.0,0.0
2786,dem2787,0.0,0.0
2787,dem2788,0.0,0.0
2788,dem2789,0.0,0.0
2789,dem2790,0.0,0.0
2790,dem2791,0.0,0.0
2791,dem2792,0.0,0.0
2792,dem2793,0.0,0.0
2793,dem2794,0.0,0.0
2794,dem2795,0.0,0.0
2795,dem2796,0.0,0.0
2796,dem2797,0.0,0.0
2797,dem2798,0.0,0.0
2798,dem2799,0.0,0.0
2799,dem2800,0.0,0.0
2800,dem2801,0.0,0.0
2801,dem2802,0.0,0.0
2802,dem2803,0.0,0.0
2803,dem2804,0.0,0.0
2804,dem2805,0.0,0.0
2805,dem2806,0.0,0.0
2806,dem2807,0.0,0.0
2807,dem2808,0.0,0.0
2808,dem2809,0.0,0.0
2809,dem2810,0.0,0.0
2810,dem2811,0.0,0.0
2811,dem2812,0.0,0.0
2812,dem2813,0.0,0.0
2813,dem2814,0.0,0.0
2814,dem2815,0.0,0.0
2815,dem2816,0.0,0.0
2816,dem2817,0.0,0.0
2817,dem2818,0.0,0.0
2818,dem2819,0.0,0.0
2819,dem2820,0.0,0.0
2820,dem2821,0.0,0.0
2821,dem2822,0.0,0.0
2822,dem2823,0.0,0.0
2823,dem2824,0.0,0.0
2824,dem2825,0.0,0.0
2825,dem2826,0.0,0.0
2826,dem2827,0.0,0.0
2827,dem2828,0.0,0.0
2828,dem2829,0.0,0.0
2829,dem2830,0.0,0.0
2830,dem2831,0.0,0.0
2831,dem2832,0.0,0.0
2832,dem2833,0.0,0.0
2833,dem2834,0.0,0.0
2834,dem2835,0.0,0.0
2835,dem2836,0.0,0.0
2836,dem2837,0.0,0.0
2837,dem2838,0.0,0.0
2838,dem2839,0.0,0.0
2839,dem2840,0.0,0.0
2840,dem2841,0.0,0.0
2841,dem2842,0.0,0.0
2842,dem2843,0.0,0.0
2843,dem2844,0.0,0.0
2844,dem2845,0.0,0.0
2845,dem2846,0.0,0.0
2846,dem2847,0.0,0.0
2847,dem2848,0.0,0.0
2848,dem2849,0.0,0.0
2849,dem2850,0.0,0.0
2850,dem2851,0.0,0.0
2851,dem2852,0.0,0.0
2852,dem2853,0.0,0.0
2853,dem2854,0.0,0.0
2854,dem2855,0.0,0.0
2855,dem2856,0.0,0.0
2856,dem2857,0.0,0.0
2857,dem2858,0.0,0.0
2858,dem2859,0.0,0.0
2859,dem2860,0.0,0.0
2860,dem2861,0.0,0.0
2861,dem2862,0.0,0.0
2862,dem2863,0.0,0.0
2863,dem2864,0.0,0.0
2864,dem2865,0.0,0.0
2865,dem2866,0.0,0.0
2866,dem2867,0.0,0.0
2867,dem2868,0.0,0.0
2868,dem2869,0.0,0.0
2869,dem2870,0.0,0.0
2870,dem2871,0.0,0.0
2871,dem2872,0.0,0.0
2872,dem2873,0.0,0.0
2873,dem2874,0.0,0.0
2874,dem2875,0.0,0.0
2875,dem2876,0.0,0.0
2876,dem2877,0.0,0.0
2877,dem2878,0.0,0.0
2878,dem2879,0.0,0.0
2879,dem2880,0.0,0.0
2880,dem2881,0.0,0.0
2881,dem2882,0.0,0.0
2882,dem2883,0.0,0.0
2883,dem2884,0.0,0.0
2884,dem2885,0.0,0.0
2885,dem2886,0.0,0.0
2886,dem2887,0.0,0.0
2887,dem2888,0.0,0.0
2888,dem2889,0.0,0.0
2889,dem2890,0.0,0.0
2890,dem2891,0.0,0.0
2891,dem2892,0.0,0.0
2892,dem2893,0.0,0.0
2893,dem2894,0.0,0.0
2894,dem2895,0.0,0.0
2895,dem2896,0.0,0.0
2896,dem2897,0.0,0.0
2897,dem2898,0.0,0.0
2898,dem2899,0.0,0.0
2899,dem2900,0.0,0.0
2900,dem2901,0.0,0.0
2901,dem2902,0.0,0.0
2902,dem2903,0.0,0.0
2903,dem2904,0.0,0.0
2904,dem2905,0.0,0.0
2905,dem2906,0.0,0.0
2906,dem2907,0.0,0.0
2907,dem2908,0.0,0.0
2908,dem2909,0.0,0.0
2909,dem2910,0.0,0.0
2910,dem2911,0.0,0.0
2911,dem2912,0.0,0.0
2912,dem2913,0.0,0.0
2913,dem2914,0.0,0.0
2914,dem2915,0.0,0.0
2915,dem2916,0.0,0.0
2916,dem2917,0.0,0.0
2917,dem2918,0.0,0.0
2918,dem2919,0.0,0.0
2919,dem2920,0.0,0.0
2920,dem2921,0.0,0.0
2921,dem2922,0.0,0.0
2922,dem2923,0.0,0.0
2923,dem2924,0.0,0.0
2924,dem2925,0.0,0.0
2925,dem2926,0.0,0.0
2926,dem2927,0.0,0.0
2927,dem2928,0.0,0.0
2928,dem2929,0.0,0.0
2929,dem2930,0.0,0.0
2930,dem2931,0.0,0.0
2931,dem2932,0.0,0.0
2932,dem2933,0.0,0.0
2933,dem2934,0.0,0.0
2934,dem2935,0.0,0.0
2935,dem2936,0.0,0.0
2936,dem2937,0.0,0.0
2937,dem2938,0.0,0.0
2938,dem2939,0.0,0.0
2939,dem2940,0.0,0.0
2940,dem2941,0.0,0.0
2941,dem2942,0.0,0.0
2942,dem2943,0.0,0.0
2943,dem2944,0.0,0.0
2944,dem2945,0.0,0.0
2945,dem2946,0.0,0.0
2946,dem2947,0.0,0.0
2947,dem2948,0.0,0.0
2948,dem2949,0.0,0.0
2949,dem2950,0.0,0.0
2950,dem2951,0.0,0.0
2951,dem2952,0.0,0.0
2952,dem2953,0.0,0.0
2953,dem2954,0.0,0.0
2954,dem2955,0.0,0.0
2955,dem2956,0.0,0.0
2956,dem2957,0.0,0.0
2957,dem2958,0.0,0.0
2958,dem2959,0.0,0.0
2959,dem2960,0.0,0.0
2960,dem2961,0.0,0.0
2961,dem2962,0.0,0.0
2962,dem2963,0.0,0.0
2963,dem2964,0.0,0.0
2964,dem2965,0.0,0.0
2965,dem2966,0.0,0.0
2966,dem2967,0.0,0.0
2967,dem2968,0.0,0.0
2968,dem2969,0.0,0.0
2969,dem2970,0.0,0.0
2970,dem2971,0.0,0.0
2971,dem2972,0.0,0.0
2972,dem2973,0.0,0.0
2973,dem2974,0.0,0.0
2974,dem2975,0.0,0.0
2975,dem2976,0.0,0.0
2976,dem2977,0.0,0.0
2977,dem2978,0.0,0.0
2978,dem2979,0.0,0.0
2979,dem2980,0.0,0.0
2980,dem2981,0.0,0.0
2981,dem2982,0.0,0.0
2982,dem2983,0.0,0.0
2983,dem2984,0.0,0.0
2984,dem2985,0.0,0.0
2985,dem2986,0.0,0.0
2986,dem2987,0.0,0.0
2987,dem2988,0.0,0.0
2988,dem2989,0.0,0.0
2989,dem2990,0.0,0.0
2990,dem2991,0.0,0.0
2991,dem2992,0.0,0.0
2992,dem2993,0.0,0.0
2993,dem2994,0.0,0.0
2994,dem2995,0.0,0.0
2995,dem2996,0.0,0.0
2996,dem2997,0.0,0.0
2997,dem2998,0.0,0.0
2998,dem2999,0.0,0.0
2999,dem3000,0.0,0.0
3000,dem3001,0.0,0.0
3001,dem3002,0.0,0.0
3002,dem3003,0.0,0.0
3003,dem3004,0.0,0.0
3004,dem3005,0.0,0.0
3005,dem3006,0.0,0.0
3006,dem3007,0.0,0.0
3007,dem3008,0.0,0.0
3008,dem3009,0.0,0.0
3009,dem3010,0.0,0.0
3010,dem3011,0.0,0.0
3011,dem3012,0.0,0.0
3012,dem3013,0.0,0.0
3013,dem3014,0.0,0.0
3014,dem3015,0.0,0.0
3015,dem3016,0.0,0.0
3016,dem3017,0.0,0.0
3017,dem3018,0.0,0.0
3018,dem3019,0.0,0.0
3019,dem3020,0.0,0.0
3020,dem3021,0.0,0.0
3021,dem3022,0.0,0.0
3022,dem3023,0.0,0.0
3023,dem3024,0.0,0.0
3024,dem3025,0.0,0.0
3025,dem3026,0.0,0.0
3026,dem3027,0.0,0.0
3027,dem3028,0.0,0.0
3028,dem3029,0.0,0.0
3029,dem3030,0.0,0.0
3030,dem3031,0.0,0.0
3031,dem3032,0.0,0.0
3032,dem3033,0.0,0.0
3033,dem3034,0.0,0.0
3034,dem3035,0.0,0.0
3035,dem3036,0.0,0.0
3036,dem3037,0.0,0.0
3037,dem3038,0.0,0.0
3038,dem3039,0.0,0.0
3039,dem3040,0.0,0.0
3040,dem3041,0.0,0.0
3041,dem3042,0.0,0.0
3042,dem3043,0.0,0.0
3043,dem3044,0.0,0.0
3044,dem3045,0.0,0.0
3045,dem3046,0.0,0.0
3046,dem3047,0.0,0.0
3047,dem3048,0.0,0.0
3048,dem3049,0.0,0.0
3049,dem3050,0.0,0.0
3050,dem3051,0.0,0.0
3051,dem3052,0.0,0.0
3052,dem3053,0.0,0.0
3053,dem3054,0.0,0.0
3054,dem3055,0.0,0.0
3055,dem3056,0.0,0.0
3056,dem3057,0.0,0.0
3057,dem3058,0.0,0.0
3058,dem3059,0.0,0.0
3059,dem3060,0.0,0.0
3060,dem3061,0.0,0.0
3061,dem3062,0.0,0.0
3062,dem3063,0.0,0.0
3063,dem3064,0.0,0.0
3064,dem3065,0.0,0.0
3065,dem3066,0.0,0.0
3066,dem3067,0.0,0.0
3067,dem3068,0.0,0.0
3068,dem3069,0.0,0.0
3069,dem3070,0.0,0.0
3070,dem3071,0.0,0.0
3071,dem3072,0.0,0.0
3072,dem3073,0.0,0.0
3073,dem3074,0.0,0.0
3074,dem3075,0.0,0.0
3075,dem3076,0.0,0.0
3076,dem3077,0.0,0.0
3077,dem3078,0.0,0.0
3078,dem3079,0.0,0.0
3079,dem3080,0.0,0.0
3080,dem3081,0.0,0.0
3081,dem3082,0.0,0.0
3082,dem3083,0.0,0.0
3083,dem3084,0.0,0.0
3084,dem3085,0.0,0.0
3085,dem3086,0.0,0.0
3086,dem3087,0.0,0.0
3087,dem3088,0.0,0.0
3088,dem3089,0.0,0.0
3089,dem3090,0.0,0.0
3090,dem3091,0.0,0.0
3091,dem3092,0.0,0.0
3092,dem3093,0.0,0.0
3093,dem3094,0.0,0.0
3094,dem3095,0.0,0.0
3095,dem3096,0.0,0.0
3096,dem3097,0.0,0.0
3097,dem3098,0.0,0.0
3098,dem3099,0.0,0.0
3099,dem3100,0.0,0.0
3100,dem3101,0.0,0.0
3101,dem3102,0.0,0.0
3102,dem3103,0.0,0.0
3103,dem3104,0.0,0.0
3104,dem3105,0.0,0.0
3105,dem3106,0.0,0.0
3106,dem3107,0.0,0.0
3107,dem3108,0.0,0.0
3108,dem3109,0.0,0.0
3109,dem3110,0.0,0.0
3110,dem3111,0.0,0.0
3111,dem3112,0.0,0.0
3112,dem3113,0.0,0.0
3113,dem3114,0.0,0.0
3114,dem3115,0.0,0.0
3115,dem3116,0.0,0.0
3116,dem3117,0.0,0.0
3117,dem3118,0.0,0.0
3118,dem3119,0.0,0.0
3119,dem3120,0.0,0.0
3120,dem3121,0.0,0.0
3121,dem3122,0.0,0.0
3122,dem3123,0.0,0.0
3123,dem3124,0.0,0.0
3124,dem3125,0.0,0.0
3125,dem3126,0.0,0.0
3126,dem3127,0.0,0.0
3127,dem3128,0.0,0.0
3128,dem3129,0.0,0.0
3129,dem3130,0.0,0.0
3130,dem3131,0.0,0.0
3131,dem3132,0.0,0.0
3132,dem3133,0.0,0.0
3133,dem3134,0.0,0.0
3134,dem3135,0.0,0.0
3135,dem3136,0.0,0.0
3136,dem3137,0.0,0.0
3137,dem3138,0.0,0.0
3138,dem3139,0.0,0.0
3139,dem3140,0.0,0.0
3140,dem3141,0.0,0.0
3141,dem3142,0.0,0.0
3142,dem3143,0.0,0.0
3143,dem3144,0.0,0.0
3144,dem3145,0.0,0.0
3145,dem3146,0.0,0.0
3146,dem3147,0.0,0.0
3147,dem3148,0.0,0.0
3148,dem3149,0.0,0.0
3149,dem3150,0.0,0.0
3150,dem3151,0.0,0.0
3151,dem3152,0.0,0.0
3152,dem3153,0.0,0.0
3153,dem3154,0.0,0.0
3154,dem3155,0.0,0.0
3155,dem3156,0.0,0.0
3156,dem3157,0.0,0.0
3157,dem3158,0.0,0.0
3158,dem3159,0.0,0.0
3159,dem3160,0.0,0.0
3160,dem3161,0.0,0.0
3161,dem3162,0.0,0.0
3162,dem3163,0.0,0.0
3163,dem3164,0.0,0.0
3164,dem3165,0.0,0.0
3165,dem3166,0.0,0.0
3166,dem3167,0.0,0.0
3167,dem3168,0.0,0.0
3168,dem3169,0.0,0.0
3169,dem3170,0.0,0.0
3170,dem3171,0.0,0.0
3171,dem3172,0.0,0.0
3172,dem3173,0.0,0.0
3173,dem3174,0.0,0.0
3174,dem3175,0.0,0.0
3175,dem3176,0.0,0.0
3176,dem3177,0.0,0.0
3177,dem3178,0.0,0.0
3178,dem3179,0.0,0.0
3179,dem3180,0.0,0.0
3180,dem3181,0.0,0.0
3181,dem3182,0.0,0.0
3182,dem3183,0.0,0.0
3183,dem3184,0.0,0.0
3184,dem3185,0.0,0.0
3185,dem3186,0.0,0.0
3186,dem3187,0.0,0.0
3187,dem3188,0.0,0.0
3188,dem3189,0.0,0.0
3189,dem3190,0.0,0.0
3190,dem3191,0.0,0.0
3191,dem3192,0.0,0.0
3192,dem3193,0.0,0.0
3193,dem3194,0.0,0.0
3194,dem3195,0.0,0.0
3195,dem3196,0.0,0.0
3196,dem3197,0.0,0.0
3197,dem3198,0.0,0.0
3198,dem3199,0.0,0.0
3199,dem3200,0.0,0.0
3200,dem3201,0.0,0.0
3201,dem3202,0.0,0.0
3202,dem3203,0.0,0.0
3203,dem3204,0.0,0.0
3204,dem3205,0.0,0.0
3205,dem3206,0.0,0.0
3206,dem3207,0.0,0.0
3207,dem3208,0.0,0.0
3208,dem3209,0.0,0.0
3209,dem3210,0.0,0.0
3210,dem3211,0.0,0.0
3211,dem3212,0.0,0.0
3212,dem3213,0.0,0.0
3213,dem3214,0.0,0.0
3214,dem3215,0.0,0.0
3215,dem3216,0.0,0.0
3216,dem3217,0.0,0.0
3217,dem3218,0.0,0.0
3218,dem3219,0.0,0.0
3219,dem3220,0.0,0.0
3220,dem3221,0.0,0.0
3221,dem3222,0.0,0.0
3222,dem3223,0.0,0.0
3223,dem3224,0.0,0.0
3224,dem3225,0.0,0.0
3225,dem3226,0.0,0.0
3226,dem3227,0.0,0.0
3227,dem3228,0.0,0.0
3228,dem3229,0.0,0.0
3229,dem3230,0.0,0.0
3230,dem3231,0.0,0.0
3231,dem3232,0.0,0.0
3232,dem3233,0.0,0.0
3233,dem3234,0.0,0.0
3234,dem3235,0.0,0.0
3235,dem3236,0.0,0.0
3236,dem3237,0.0,0.0
3237,dem3238,0.0,0.0
3238,dem3239,0.0,0.0
3239,dem3240,0.0,0.0
3240,dem3241,0.0,0.0
3241,dem3242,0.0,0.0
3242,dem3243,0.0,0.0
3243,dem3244,0.0,0.0
3244,dem3245,0.0,0.0
3245,dem3246,0.0,0.0
3246,dem3247,0.0,0.0
3247,dem3248,0.0,0.0
3248,dem3249,0.0,0.0
3249,dem3250,0.0,0.0
3250,dem3251,0.0,0.0
3251,dem3252,0.0,0.0
3252,dem3253,0.0,0.0
3253,dem3254,0.0,0.0
3254,dem3255,0.0,0.0
3255,dem3256,0.0,0.0
3256,dem3257,0.0,0.0
3257,dem3258,0.0,0.0
3258,dem3259,0.0,0.0
3259,dem3260,0.0,0.0
3260,dem3261,0.0,0.0
3261,dem3262,0.0,0.0
3262,dem3263,0.0,0.0
3263,dem3264,0.0,0.0
3264,dem3265,0.0,0.0
3265,dem3266,0.0,0.0
3266,dem3267,0.0,0.0
3267,dem3268,0.0,0.0
3268,dem3269,0.0,0.0
3269,dem3270,0.0,0.0
3270,dem3271,0.0,0.0
3271,dem3272,0.0,0.0
3272,dem3273,0.0,0.0
3273,dem3274,0.0,0.0
3274,dem3275,0.0,0.0
3275,dem3276,0.0,0.0
3276,dem3277,0.0,0.0
3277,dem3278,0.0,0.0
3278,dem3279,0.0,0.0
3279,dem3280,0.0,0.0
3280,dem3281,0.0,0.0
3281,dem3282,0.0,0.0
3282,dem3283,0.0,0.0
3283,dem3284,0.0,0.0
3284,dem3285,0.0,0.0
3285,dem3286,0.0,0.0
3286,dem3287,0.0,0.0
3287,dem3288,0.0,0.0
3288,dem3289,0.0,0.0
3289,dem3290,0.0,0.0
3290,dem3291,0.0,0.0
3291,dem3292,0.0,0.0
3292,dem3293,0.0,0.0
3293,dem3294,0.0,0.0
3294,dem3295,0.0,0.0
3295,dem3296,0.0,0.0
3296,dem3297,0.0,0.0
3297,dem3298,0.0,0.0
3298,dem3299,0.0,0.0
3299,dem3300,0.0,0.0
3300,dem3301,0.0,0.0
3301,dem3302,0.0,0.0
3302,dem3303,0.0,0.0
3303,dem3304,0.0,0.0
3304,dem3305,0.0,0.0
3305,dem3306,0.0,0.0
3306,dem3307,0.0,0.0
3307,dem3308,0.0,0.0
3308,dem3309,0.0,0.0
3309,dem3310,0.0,0.0
3310,dem3311,0.0,0.0
3311,dem3312,0.0,0.0
3312,dem3313,0.0,0.0
3313,dem3314,0.0,0.0
3314,dem3315,0.0,0.0
3315,dem3316,0.0,0.0
3316,dem3317,0.0,0.0
3317,dem3318,0.0,0.0
3318,dem3319,0.0,0.0
3319,dem3320,0.0,0.0
3320,dem3321,0.0,0.0
3321,dem3322,0.0,0.0
3322,dem3323,0.0,0.0
3323,dem3324,0.0,0.0
3324,dem3325,0.0,0.0
3325,dem3326,0.0,0.0
3326,dem3327,0.0,0.0
3327,dem3328,0.0,0.0
3328,dem3329,0.0,0.0
3329,dem3330,0.0,0.0
3330,dem3331,0.0,0.0
3331,dem3332,0.0,0.0
3332,dem3333,0.0,0.0
3333,dem3334,0.0,0.0
3334,dem3335,0.0,0.0
3335,dem3336,0.0,0.0
3336,dem3337,0.0,0.0
3337,dem3338,0.0,0.0
3338,dem3339,0.0,0.0
3339,dem3340,0.0,0.0
3340,dem3341,0.0,0.0
3341,dem3342,0.0,0.0
3342,dem3343,0.0,0.0
3343,dem3344,0.0,0.0
3344,dem3345,0.0,0.0
3345,dem3346,0.0,0.0
3346,dem3347,0.0,0.0
3347,dem3348,0.0,0.0
3348,dem3349,0.0,0.0
3349,dem3350,0.0,0.0
3350,dem3351,0.0,0.0
3351,dem3352,0.0,0.0
3352,dem3353,0.0,0.0
3353,dem3354,0.0,0.0
3354,dem3355,0.0,0.0
3355,dem3356,0.0,0.0
3356,dem3357,0.0,0.0
3357,dem3358,0.0,0.0
3358,dem3359,0.0,0.0
3359,dem3360,0.0,0.0
3360,dem3361,0.0,0.0
3361,dem3362,0.0,0.0
3362,dem3363,0.0,0.0
3363,dem3364,0.0,0.0
3364,dem3365,0.0,0.0
3365,dem3366,0.0,0.0
3366,dem3367,0.0,0.0
3367,dem3368,0.0,0.0
3368,dem3369,0.0,0.0
3369,dem3370,0.0,0.0
3370,dem3371,0.0,0.0
3371,dem3372,0.0,0.0
3372,dem3373,0.0,0.0
3373,dem3374,0.0,0.0
3374,dem3375,0.0,0.0
3375,dem3376,0.0,0.0
3376,dem3377,0.0,0.0
3377,dem3378,0.0,0.0
3378,dem3379,0.0,0.0
3379,dem3380,0.0,0.0
3380,dem3381,0.0,0.0
3381,dem3382,0.0,0.0
3382,dem3383,0.0,0.0
3383,dem3384,0.0,0.0
3384,dem3385,0.0,0.0
3385,dem3386,0.0,0.0
3386,dem3387,0.0,0.0
3387,dem3388,0.0,0.0
3388,dem3389,0.0,0.0
3389,dem3390,0.0,0.0
3390,dem3391,0.0,0.0
3391,dem3392,0.0,0.0
3392,dem3393,0.0,0.0
3393,dem3394,0.0,0.0
3394,dem3395,0.0,0.0
3395,dem3396,0.0,0.0
3396,dem3397,0.0,0.0
3397,dem3398,0.0,0.0
3398,dem3399,0.0,0.0
3399,dem3400,0.0,0.0
3400,dem3401,0.0,0.0
3401,dem3402,0.0,0.0
3402,dem3403,0.0,0.0
3403,dem3404,0.0,0.0
3404,dem3405,0.0,0.0
3405,dem3406,0.0,0.0
3406,dem3407,0.0,0.0
3407,dem3408,0.0,0.0
3408,dem3409,0.0,0.0
3409,dem3410,0.0,0.0
3410,dem3411,0.0,0.0
3411,dem3412,0.0,0.0
3412,dem3413,0.0,0.0
3413,dem3414,0.0,0.0
3414,dem3415,0.0,0.0
3415,dem3416,0.0,0.0
3416,dem3417,0.0,0.0
3417,dem3418,0.0,0.0
3418,dem3419,0.0,0.0
3419,dem3420,0.0,0.0
3420,dem3421,0.0,0.0
3421,dem3422,0.0,0.0
3422,dem3423,0.0,0.0
3423,dem3424,0.0,0.0
3424,dem3425,0.0,0.0
3425,dem3426,0.0,0.0
3426,dem3427,0.0,0.0
3427,dem3428,0.0,0.0
3428,dem3429,0.0,0.0
3429,dem3430,0.0,0.0
3430,dem3431,0.0,0.0
3431,dem3432,0.0,0.0
3432,dem3433,0.0,0.0
3433,dem3434,0.0,0.0
3434,dem3435,0.0,0.0
3435,dem3436,0.0,0.0
3436,dem3437,0.0,0.0
3437,dem3438,0.0,0.0
3438,dem3439,0.0,0.0
3439,dem3440,0.0,0.0
3440,dem3441,0.0,0.0
3441,dem3442,0.0,0.0
3442,dem3443,0.0,0.0
3443,dem3444,0.0,0.0
3444,dem3445,0.0,0.0
3445,dem3446,0.0,0.0
3446,dem3447,0.0,0.0
3447,dem3448,0.0,0.0
3448,dem3449,0.0,0.0
3449,dem3450,0.0,0.0
3450,dem3451,0.0,0.0
3451,dem3452,0.0,0.0
3452,dem3453,0.0,0.0
3453,dem3454,0.0,0.0
3454,dem3455,0.0,0.0
3455,dem3456,0.0,0.0
3456,dem3457,0.0,0.0
3457,dem3458,0.0,0.0
3458,dem3459,0.0,0.0
3459,dem3460,0.0,0.0
3460,dem3461,0.0,0.0
3461,dem3462,0.0,0.0
3462,dem3463,0.0,0.0
3463,dem3464,0.0,0.0
3464,dem3465,0.0,0.0
3465,dem3466,0.0,0.0
3466,dem3467,0.0,0.0
3467,dem3468,0.0,0.0
3468,dem3469,0.0,0.0
3469,dem3470,0.0,0.0
3470,dem3471,0.0,0.0
3471,dem3472,0.0,0.0
3472,dem3473,0.0,0.0
3473,dem3474,0.0,0.0
3474,dem3475,0.0,0.0
3475,dem3476,0.0,0.0
3476,dem3477,0.0,0.0
3477,dem3478,0.0,0.0
3478,dem3479,0.0,0.0
3479,dem3480,0.0,0.0
3480,dem3481,0.0,0.0
3481,dem3482,0.0,0.0
3482,dem3483,0.0,0.0
3483,dem3484,0.0,0.0
3484,dem3485,0.0,0.0
3485,dem3486,0.0,0.0
3486,dem3487,0.0,0.0
3487,dem3488,0.0,0.0
3488,dem3489,0.0,0.0
3489,dem3490,0.0,0.0
3490,dem3491,0.0,0.0
3491,dem3492,0.0,0.0
3492,dem3493,0.0,0.0
3493,dem3494,0.0,0.0
3494,dem3495,0.0,0.0
3495,dem3496,0.0,0.0
3496,dem3497,0.0,0.0
3497,dem3498,0.0,0.0
3498,dem3499,0.0,0.0
3499,dem3500,0.0,0.0
3500,dem3501,0.0,0.0
3501,dem3502,0.0,0.0
3502,dem3503,0.0,0.0
3503,dem3504,0.0,0.0
3504,dem3505,0.0,0.0
3505,dem3506,0.0,0.0
3506,dem3507,0.0,0.0
3507,dem3508,0.0,0.0
3508,dem3509,0.0,0.0
3509,dem3510,0.0,0.0
3510,dem3511,0.0,0.0
3511,dem3512,0.0,0.0
3512,dem3513,0.0,0.0
3513,dem3514,0.0,0.0
3514,dem3515,0.0,0.0
3515,dem3516,0.0,0.0
3516,dem3517,0.0,0.0
3517,dem3518,0.0,0.0
3518,dem3519,0.0,0.0
3519,dem3520,0.0,0.0
3520,dem3521,0.0,0.0
3521,dem3522,0.0,0.0
3522,dem3523,0.0,0.0
3523,dem3524,0.0,0.0
3524,dem3525,0.0,0.0
3525,dem3526,0.0,0.0
3526,dem3527,0.0,0.0
3527,dem3528,0.0,0.0
3528,dem3529,0.0,0.0
3529,dem3530,0.0,0.0
3530,dem3531,0.0,0.0
3531,dem3532,0.0,0.0
3532,dem3533,0.0,0.0
3533,dem3534,0.0,0.0
3534,dem3535,0.0,0.0
3535,dem3536,0.0,0.0
3536,dem3537,0.0,0.0
3537,dem3538,0.0,0.0
3538,dem3539,0.0,0.0
3539,dem3540,0.0,0.0
3540,dem3541,0.0,0.0
3541,dem3542,0.0,0.0
3542,dem3543,0.0,0.0
3543,dem3544,0.0,0.0
3544,dem3545,0.0,0.0
3545,dem3546,0.0,0.0
3546,dem3547,0.0,0.0
3547,dem3548,0.0,0.0
3548,dem3549,0.0,0.0
3549,dem3550,0.0,0.0
3550,dem3551,0.0,0.0
3551,dem3552,0.0,0.0
3552,dem3553,0.0,0.0
3553,dem3554,0.0,0.0
3554,dem3555,0.0,0.0
3555,dem3556,0.0,0.0
3556,dem3557,0.0,0.0
3557,dem3558,0.0,0.0
3558,dem3559,0.0,0.0
3559,dem3560,0.0,0.0
3560,dem3561,0.0,0.0
3561,dem3562,0.0,0.0
3562,dem3563,0.0,0.0
3563,dem3564,0.0,0.0
3564,dem3565,0.0,0.0
3565,dem3566,0.0,0.0
3566,dem3567,0.0,0.0
3567,dem3568,0.0,0.0
3568,dem3569,0.0,0.0
3569,dem3570,0.0,0.0
3570,dem3571,0.0,0.0
3571,dem3572,0.0,0.0
3572,dem3573,0.0,0.0
3573,dem3574,0.0,0.0
3574,dem3575,0.0,0.0
3575,dem3576,0.0,0.0
3576,dem3577,0.0,0.0
3577,dem3578,0.0,0.0
3578,dem3579,0.0,0.0
3579,dem3580,0.0,0.0
3580,dem3581,0.0,0.0
3581,dem3582,0.0,0.0
3582,dem3583,0.0,0.0
3583,dem3584,0.0,0.0
3584,dem3585,0.0,0.0
3585,dem3586,0.0,0.0
3586,dem3587,0.0,0.0
3587,dem3588,0.0,0.0
3588,dem3589,0.0,0.0
3589,dem3590,0.0,0.0
3590,dem3591,0.0,0.0
3591,dem3592,0.0,0.0
3592,dem3593,0.0,0.0
3593,dem3594,0.0,0.0
3594,dem3595,0.0,0.0
3595,dem3596,0.0,0.0
3596,dem3597,0.0,0.0
3597,dem3598,0.0,0.0
3598,dem3599,0.0,0.0
3599,dem3600,0.0,0.0
3600,dem3601,0.0,0.0
3601,dem3602,0.0,0.0
3602,dem3603,0.0,0.0
3603,dem3604,0.0,0.0
3604,dem3605,0.0,0.0
3605,dem3606,0.0,0.0
3606,dem3607,0.0,0.0
3607,dem3608,0.0,0.0
3608,dem3609,0.0,0.0
3609,dem3610,0.0,0.0
3610,dem3611,0.0,0.0
3611,dem3612,0.0,0.0
3612,dem3613,0.0,0.0
3613,dem3614,0.0,0.0
3614,dem3615,0.0,0.0
3615,dem3616,0.0,0.0
3616,dem3617,0.0,0.0
3617,dem3618,0.0,0.0
3618,dem3619,0.0,0.0
3619,dem3620,0.0,0.0
3620,dem3621,0.0,0.0
3621,dem3622,0.0,0.0
3622,dem3623,0.0,0.0
3623,dem3624,0.0,0.0
3624,dem3625,0.0,0.0
3625,dem3626,0.0,0.0
3626,dem3627,0.0,0.0
3627,dem3628,0.0,0.0
3628,dem3629,0.0,0.0
3629,dem3630,0.0,0.0
3630,dem3631,0.0,0.0
3631,dem3632,0.0,0.0
3632,dem3633,0.0,0.0
3633,dem3634,0.0,0.0
3634,dem3635,0.0,0.0
3635,dem3636,0.0,0.0
3636,dem3637,0.0,0.0
3637,dem3638,0.0,0.0
3638,dem3639,0.0,0.0
3639,dem3640,0.0,0.0
3640,dem3641,0.0,0.0
3641,dem3642,0.0,0.0
3642,dem3643,0.0,0.0
3643,dem3644,0.0,0.0
3644,dem3645,0.0,0.0
3645,dem3646,0.0,0.0
3646,dem3647,0.0,0.0
3647,dem3648,0.0,0.0
3648,dem3649,0.0,0.0
3649,dem3650,0.0,0.0
3650,dem3651,0.0,0.0
3651,dem3652,0.0,0.0
3652,dem3653,0.0,0.0
3653,dem3654,0.0,0.0
3654,dem3655,0.0,0.0
3655,dem3656,0.0,0.0
3656,dem3657,0.0,0.0
3657,dem3658,0.0,0.0
3658,dem3659,0.0,0.0
3659,dem3660,0.0,0.0
3660,dem3661,0.0,0.0
3661,dem3662,0.0,0.0
3662,dem3663,0.0,0.0
3663,dem3664,0.0,0.0
3664,dem3665,0.0,0.0
3665,dem3666,0.0,0.0
3666,dem3667,0.0,0.0
3667,dem3668,0.0,0.0
3668,dem3669,0.0,0.0
3669,dem3670,0.0,0.0
3670,dem3671,0.0,0.0
3671,dem3672,0.0,0.0
3672,dem3673,0.0,0.0
3673,dem3674,0.0,0.0
3674,dem3675,0.0,0.0
3675,dem3676,0.0,0.0
3676,dem3677,0.0,0.0
3677,dem3678,0.0,0.0
3678,dem3679,0.0,0.0
3679,dem3680,0.0,0.0
3680,dem3681,0.0,0.0
3681,dem3682,0.0,0.0
3682,dem3683,0.0,0.0
3683,dem3684,0.0,0.0
3684,dem3685,0.0,0.0
3685,dem3686,0.0,0.0
3686,dem3687,0.0,0.0
3687,dem3688,0.0,0.0
3688,dem3689,0.0,0.0
3689,dem3690,0.0,0.0
3690,dem3691,0.0,0.0
3691,dem3692,0.0,0.0
3692,dem3693,0.0,0.0
3693,dem3694,0.0,0.0
3694,dem3695,0.0,0.0
3695,dem3696,0.0,0.0
3696,dem3697,0.0,0.0
3697,dem3698,0.0,0.0
3698,dem3699,0.0,0.0
3699,dem3700,0.0,0.0
3700,dem3701,0.0,0.0
3701,dem3702,0.0,0.0
3702,dem3703,0.0,0.0
3703,dem3704,0.0,0.0
3704,dem3705,0.0,0.0
3705,dem3706,0.0,0.0
3706,dem3707,0.0,0.0
3707,dem3708,0.0,0.0
3708,dem3709,0.0,0.0
3709,dem3710,0.0,0.0
3710,dem3711,0.0,0.0
3711,dem3712,0.0,0.0
3712,dem3713,0.0,0.0
3713,dem3714,0.0,0.0
3714,dem3715,0.0,0.0
3715,dem3716,0.0,0.0
3716,dem3717,0.0,0.0
3717,dem3718,0.0,0.0
3718,dem3719,0.0,0.0
3719,dem3720,0.0,0.0
3720,dem3721,0.0,0.0
3721,dem3722,0.0,0.0
3722,dem3723,0.0,0.0
3723,dem3724,0.0,0.0
3724,dem3725,0.0,0.0
3725,dem3726,0.0,0.0
3726,dem3727,0.0,0.0
3727,dem3728,0.0,0.0
3728,dem3729,0.0,0.0
3729,dem3730,0.0,0.0
3730,dem3731,0.0,0.0
3731,dem3732,0.0,0.0
3732,dem3733,0.0,0.0
3733,dem3734,0.0,0.0
3734,dem3735,0.0,0.0
3735,dem3736,0.0,0.0
3736,dem3737,0.0,0.0
3737,dem3738,0.0,0.0
3738,dem3739,0.0,0.0
3739,dem3740,0.0,0.0
3740,dem3741,0.0,0.0
3741,dem3742,0.0,0.0
3742,dem3743,0.0,0.0
3743,dem3744,0.0,0.0
3744,dem3745,0.0,0.0
3745,dem3746,0.0,0.0
3746,dem3747,0.0,0.0
3747,dem3748,0.0,0.0
3748,dem3749,0.0,0.0
3749,dem3750,0.0,0.0
3750,dem3751,0.0,0.0
3751,dem3752,0.0,0.0
3752,dem3753,0.0,0.0
3753,dem3754,0.0,0.0
3754,dem3755,0.0,0.0
3755,dem3756,0.0,0.0
3756,dem3757,0.0,0.0
3757,dem3758,0.0,0.0
3758,dem3759,0.0,0.0
3759,dem3760,0.0,0.0
3760,dem3761,0.0,0.0
3761,dem3762,0.0,0.0
3762,dem3763,0.0,0.0
3763,dem3764,0.0,0.0
3764,dem3765,0.0,0.0
3765,dem3766,0.0,0.0
3766,dem3767,0.0,0.0
3767,dem3768,0.0,0.0
3768,dem3769,0.0,0.0
3769,dem3770,0.0,0.0
3770,dem3771,0.0,0.0
3771,dem3772,0.0,0.0
3772,dem3773,0.0,0.0
3773,dem3774,0.0,0.0
3774,dem3775,0.0,0.0
3775,dem3776,0.0,0.0
3776,dem3777,0.0,0.0
3777,dem3778,0.0,0.0
3778,dem3779,0.0,0.0
3779,dem3780,0.0,0.0
3780,dem3781,0.0,0.0
3781,dem3782,0.0,0.0
3782,dem3783,0.0,0.0
3783,dem3784,0.0,0.0
3784,dem3785,0.0,0.0
3785,dem3786,0.0,0.0
3786,dem3787,0.0,0.0
3787,dem3788,0.0,0.0
3788,dem3789,0.0,0.0
3789,dem3790,0.0,0.0
3790,dem3791,0.0,0.0
3791,dem3792,0.0,0.0
3792,dem3793,0.0,0.0
3793,dem3794,0.0,0.0
3794,dem3795,0.0,0.0
3795,dem3796,0.0,0.0
3796,dem3797,0.0,0.0
3797,dem3798,0.0,0.0
3798,dem3799,0.0,0.0
3799,dem3800,0.0,0.0
3800,dem3801,0.0,0.0
3801,dem3802,0.0,0.0
3802,dem3803,0.0,0.0
3803,dem3804,0.0,0.0
3804,dem3805,0.0,0.0
3805,dem3806,0.0,0.0
3806,dem3807,0.0,0.0
3807,dem3808,0.0,0.0
3808,dem3809,0.0,0.0
3809,dem3810,0.0,0.0
3810,dem3811,0.0,0.0
3811,dem3812,0.0,0.0
3812,dem3813,0.0,0.0
3813,dem3814,0.0,0.0
3814,dem3815,0.0,0.0
3815,dem3816,0.0,0.0
3816,dem3817,0.0,0.0
3817,dem3818,0.0,0.0
3818,dem3819,0.0,0.0
3819,dem3820,0.0,0.0
3820,dem3821,0.0,0.0
3821,dem3822,0.0,0.0
3822,dem3823,0.0,0.0
3823,dem3824,0.0,0.0
3824,dem3825,0.0,0.0
3825,dem3826,0.0,0.0
3826,dem3827,0.0,0.0
3827,dem3828,0.0,0.0
3828,dem3829,0.0,0.0
3829,dem3830,0.0,0.0
3830,dem3831,0.0,0.0
3831,dem3832,0.0,0.0
3832,dem3833,0.0,0.0
3833,dem3834,0.0,0.0
3834,dem3835,0.0,0.0
3835,dem3836,0.0,0.0
3836,dem3837,0.0,0.0
3837,dem3838,0.0,0.0
3838,dem3839,0.0,0.0
3839,dem3840,0.0,0.0
3840,dem3841,0.0,0.0
3841,dem3842,0.0,0.0
3842,dem3843,0.0,0.0
3843,dem3844,0.0,0.0
3844,dem3845,0.0,0.0
3845,dem3846,0.0,0.0
3846,dem3847,0.0,0.0
3847,dem3848,0.0,0.0
3848,dem3849,0.0,0.0
3849,dem3850,0.0,0.0
3850,dem3851,0.0,0.0
3851,dem3852,0.0,0.0
3852,dem3853,0.0,0.0
3853,dem3854,0.0,0.0
3854,dem3855,0.0,0.0
3855,dem3856,0.0,0.0
3856,dem3857,0.0,0.0
3857,dem3858,0.0,0.0
3858,dem3859,0.0,0.0
3859,dem3860,0.0,0.0
3860,dem3861,0.0,0.0
3861,dem3862,0.0,0.0
3862,dem3863,0.0,0.0
3863,dem3864,0.0,0.0
3864,dem3865,0.0,0.0
3865,dem3866,0.0,0.0
3866,dem3867,0.0,0.0
3867,dem3868,0.0,0.0
3868,dem3869,0.0,0.0
3869,dem3870,0.0,0.0
3870,dem3871,0.0,0.0
3871,dem3872,0.0,0.0
3872,dem3873,0.0,0.0
3873,dem3874,0.0,0.0
3874,dem3875,0.0,0.0
3875,dem3876,0.0,0.0
3876,dem3877,0.0,0.0
3877,dem3878,0.0,0.0
3878,dem3879,0.0,0.0
3879,dem3880,0.0,0.0
3880,dem3881,0.0,0.0
3881,dem3882,0.0,0.0
3882,dem3883,0.0,0.0
3883,dem3884,0.0,0.0
3884,dem3885,0.0,0.0
3885,dem3886,0.0,0.0
3886,dem3887,0.0,0.0
3887,dem3888,0.0,0.0
3888,dem3889,0.0,0.0
3889,dem3890,0.0,0.0
3890,dem3891,0.0,0.0
3891,dem3892,0.0,0.0
3892,dem3893,0.0,0.0
3893,dem3894,0.0,0.0
3894,dem3895,0.0,0.0
3895,dem3896,0.0,0.0
3896,dem3897,0.0,0.0
3897,dem3898,0.0,0.0
3898,dem3899,0.0,0.0
3899,dem3900,0.0,0.0
3900,dem3901,0.0,0.0
3901,dem3902,0.0,0.0
3902,dem3903,0.0,0.0
3903,dem3904,0.0,0.0
3904,dem3905,0.0,0.0
3905,dem3906,0.0,0.0
3906,dem3907,0.0,0.0
3907,dem3908,0.0,0.0
3908,dem3909,0.0,0.0
3909,dem3910,0.0,0.0
3910,dem3911,0.0,0.0
3911,dem3912,0.0,0.0
3912,dem3913,0.0,0.0
3913,dem3914,0.0,0.0
3914,dem3915,0.0,0.0
3915,dem3916,0.0,0.0
3916,dem3917,0.0,0.0
3917,dem3918,0.0,0.0
3918,dem3919,0.0,0.0
3919,dem3920,0.0,0.0
3920,dem3921,0.0,0.0
3921,dem3922,0.0,0.0
3922,dem3923,0.0,0.0
3923,dem3924,0.0,0.0
3924,dem3925,0.0,0.0
3925,dem3926,0.0,0.0
3926,dem3927,0.0,0.0
3927,dem3928,0.0,0.0
3928,dem3929,0.0,0.0
3929,dem3930,0.0,0.0
3930,dem3931,0.0,0.0
3931,dem3932,0.0,0.0
3932,dem3933,0.0,0.0
3933,dem3934,0.0,0.0
3934,dem3935,0.0,0.0
3935,dem3936,0.0,0.0
3936,dem3937,0.0,0.0
3937,dem3938,0.0,0.0
3938,dem3939,0.0,0.0
3939,dem3940,0.0,0.0
3940,dem3941,0.0,0.0
3941,dem3942,0.0,0.0
3942,dem3943,0.0,0.0
3943,dem3944,0.0,0.0
3944,dem3945,0.0,0.0
3945,dem3946,0.0,0.0
3946,dem3947,0.0,0.0
3947,dem3948,0.0,0.0
3948,dem3949,0.0,0.0
3949,dem3950,0.0,0.0
3950,dem3951,0.0,0.0
3951,dem3952,0.0,0.0
3952,dem3953,0.0,0.0
3953,dem3954,0.0,0.0
3954,dem3955,0.0,0.0
3955,dem3956,0.0,0.0
3956,dem3957,0.0,0.0
3957,dem3958,0.0,0.0
3958,dem3959,0.0,0.0
3959,dem3960,0.0,0.0
3960,dem3961,0.0,0.0
3961,dem3962,0.0,0.0
3962,dem3963,0.0,0.0
3963,dem3964,0.0,0.0
3964,dem3965,0.0,0.0
3965,dem3966,0.0,0.0
3966,dem3967,0.0,0.0
3967,dem3968,0.0,0.0
3968,dem3969,0.0,0.0
3969,dem3970,0.0,0.0
3970,dem3971,0.0,0.0
3971,dem3972,0.0,0.0
3972,dem3973,0.0,0.0
3973,dem3974,0.0,0.0
3974,dem3975,0.0,0.0
3975,dem3976,0.0,0.0
3976,dem3977,0.0,0.0
3977,dem3978,0.0,0.0
3978,dem3979,0.0,0.0
3979,dem3980,0.0,0.0
3980,dem3981,0.0,0.0
3981,dem3982,0.0,0.0
3982,dem3983,0.0,0.0
3983,dem3984,0.0,0.0
3984,dem3985,0.0,0.0
3985,dem3986,0.0,0.0
3986,dem3987,0.0,0.0
3987,dem3988,0.0,0.0
3988,dem3989,0.0,0.0
3989,dem3990,0.0,0.0
3990,dem3991,0.0,0.0
3991,dem3992,0.0,0.0
3992,dem3993,0.0,0.0
3993,dem3994,0.0,0.0
3994,dem3995,0.0,0.0
3995,dem3996,0.0,0.0
3996,dem3997,0.0,0.0
3997,dem3998,0.0,0.0
3998,dem3999,0.0,0.0
3999,dem4000,0.0,0.0
4000,dem4001,0.0,0.0
4001,dem4002,0.0,0.0
4002,dem4003,0.0,0.0
4003,dem4004,0.0,0.0
4004,dem4005,0.0,0.0
4005,dem4006,0.0,0.0
4006,dem4007,0.0,0.0
4007,dem4008,0.0,0.0
4008,dem4009,0.0,0.0
4009,dem4010,0.0,0.0
4010,dem4011,0.0,0.0
4011,dem4012,0.0,0.0
4012,dem4013,0.0,0.0
4013,dem4014,0.0,0.0
4014,dem4015,0.0,0.0
4015,dem4016,0.0,0.0
4016,dem4017,0.0,0.0
4017,dem4018,0.0,0.0
4018,dem4019,0.0,0.0
4019,dem4020,0.0,0.0
4020,dem4021,0.0,0.0
4021,dem4022,0.0,0.0
4022,dem4023,0.0,0.0
4023,dem4024,0.0,0.0
4024,dem4025,0.0,0.0
4025,dem4026,0.0,0.0
4026,dem4027,0.0,0.0
4027,dem4028,0.0,0.0
4028,dem4029,0.0,0.0
4029,dem4030,0.0,0.0
4030,dem4031,0.0,0.0
4031,dem4032,0.0,0.0
4032,dem4033,0.0,0.0
4033,dem4034,0.0,0.0
4034,dem4035,0.0,0.0
4035,dem4036,0.0,0.0
4036,dem4037,0.0,0.0
4037,dem4038,0.0,0.0
4038,dem4039,0.0,0.0
4039,dem4040,0.0,0.0
4040,dem4041,0.0,0.0
4041,dem4042,0.0,0.0
4042,dem4043,0.0,0.0
4043,dem4044,0.0,0.0
4044,dem4045,0.0,0.0
4045,dem4046,0.0,0.0
4046,dem4047,0.0,0.0
4047,dem4048,0.0,0.0
4048,dem4049,0.0,0.0
4049,dem4050,0.0,0.0
4050,dem4051,0.0,0.0
4051,dem4052,0.0,0.0
4052,dem4053,0.0,0.0
4053,dem4054,0.0,0.0
4054,dem4055,0.0,0.0
4055,dem4056,0.0,0.0
4056,dem4057,0.0,0.0
4057,dem4058,0.0,0.0
4058,dem4059,0.0,0.0
4059,dem4060,0.0,0.0
4060,dem4061,0.0,0.0
4061,dem4062,0.0,0.0
4062,dem4063,0.0,0.0
4063,dem4064,0.0,0.0
4064,dem4065,0.0,0.0
4065,dem4066,0.0,0.0
4066,dem4067,0.0,0.0
4067,dem4068,0.0,0.0
4068,dem4069,0.0,0.0
4069,dem4070,0.0,0.0
4070,dem4071,0.0,0.0
4071,dem4072,0.0,0.0
4072,dem4073,0.0,0.0
4073,dem4074,0.0,0.0
4074,dem4075,0.0,0.0
4075,dem4076,0.0,0.0
4076,dem4077,0.0,0.0
4077,dem4078,0.0,0.0
4078,dem4079,0.0,0.0
4079,dem4080,0.0,0.0
4080,dem4081,0.0,0.0
4081,dem4082,0.0,0.0
4082,dem4083,0.0,0.0
4083,dem4084,0.0,0.0
4084,dem4085,0.0,0.0
4085,dem4086,0.0,0.0
4086,dem4087,0.0,0.0
4087,dem4088,0.0,0.0
4088,dem4089,0.0,0.0
4089,dem4090,0.0,0.0
4090,dem4091,0.0,0.0
4091,dem4092,0.0,0.0
4092,dem4093,0.0,0.0
4093,dem4094,0.0,0.0
4094,dem4095,0.0,0.0
4095,dem4096,0.0,0.0
4096,dem4097,0.0,0.0
4097,dem4098,0.0,0.0
4098,dem4099,0.0,0.0
4099,dem4100,0.0,0.0
4100,dem4101,0.0,0.0
4101,dem4102,0.0,0.0
4102,dem4103,0.0,0.0
4103,dem4104,0.0,0.0
4104,dem4105,0.0,0.0
4105,dem4106,0.0,0.0
4106,dem4107,0.0,0.0
4107,dem4108,0.0,0.0
4108,dem4109,0.0,0.0
4109,dem4110,0.0,0.0
4110,dem4111,0.0,0.0
4111,dem4112,0.0,0.0
4112,dem4113,0.0,0.0
4113,dem4114,0.0,0.0
4114,dem4115,0.0,0.0
4115,dem4116,0.0,0.0
4116,dem4117,0.0,0.0
4117,dem4118,0.0,0.0
4118,dem4119,0.0,0.0
4119,dem4120,0.0,0.0
4120,dem4121,0.0,0.0
4121,dem4122,0.0,0.0
4122,dem4123,0.0,0.0
4123,dem4124,0.0,0.0
4124,dem4125,0.0,0.0
4125,dem4126,0.0,0.0
4126,dem4127,0.0,0.0
4127,dem4128,0.0,0.0
4128,dem4129,0.0,0.0
4129,dem4130,0.0,0.0
4130,dem4131,0.0,0.0
4131,dem4132,0.0,0.0
4132,dem4133,0.0,0.0
4133,dem4134,0.0,0.0
4134,dem4135,0.0,0.0
4135,dem4136,0.0,0.0
4136,dem4137,0.0,0.0
4137,dem4138,0.0,0.0
4138,dem4139,0.0,0.0
4139,dem4140,0.0,0.0
4140,dem4141,0.0,0.0
4141,dem4142,0.0,0.0
4142,dem4143,0.0,0.0
4143,dem4144,0.0,0.0
4144,dem4145,0.0,0.0
4145,dem4146,0.0,0.0
4146,dem4147,0.0,0.0
4147,dem4148,0.0,0.0
4148,dem4149,0.0,0.0
4149,dem4150,0.0,0.0
4150,dem4151,0.0,0.0
4151,dem4152,0.0,0.0
4152,dem4153,0.0,0.0
4153,dem4154,0.0,0.0
4154,dem4155,0.0,0.0
4155,dem4156,0.0,0.0
4156,dem4157,0.0,0.0
4157,dem4158,0.0,0.0
4158,dem4159,0.0,0.0
4159,dem4160,0.0,0.0
4160,dem4161,0.0,0.0
4161,dem4162,0.0,0.0
4162,dem4163,0.0,0.0
4163,dem4164,0.0,0.0
4164,dem4165,0.0,0.0
4165,dem4166,0.0,0.0
4166,dem4167,0.0,0.0
4167,dem4168,0.0,0.0
4168,dem4169,0.0,0.0
4169,dem4170,0.0,0.0
4170,dem4171,0.0,0.0
4171,dem4172,0.0,0.0
4172,dem4173,0.0,0.0
4173,dem4174,0.0,0.0
4174,dem4175,0.0,0.0
4175,dem4176,0.0,0.0
4176,dem4177,0.0,0.0
4177,dem4178,0.0,0.0
4178,dem4179,0.0,0.0
4179,dem4180,0.0,0.0
4180,dem4181,0.0,0.0
4181,dem4182,0.0,0.0
4182,dem4183,0.0,0.0
4183,dem4184,0.0,0.0
4184,dem4185,0.0,0.0
4185,dem4186,0.0,0.0
4186,dem4187,0.0,0.0
4187,dem4188,0.0,0.0
4188,dem4189,0.0,0.0
4189,dem4190,0.0,0.0
4190,dem4191,0.0,0.0
4191,dem4192,0.0,0.0
4192,dem4193,0.0,0.0
4193,dem4194,0.0,0.0
4194,dem4195,0.0,0.0
4195,dem4196,0.0,0.0
4196,dem4197,0.0,0.0
4197,dem4198,0.0,0.0
4198,dem4199,0.0,0.0
4199,dem4200,0.0,0.0
4200,dem4201,0.0,0.0
4201,dem4202,0.0,0.0
4202,dem4203,0.0,0.0
4203,dem4204,0.0,0.0
4204,dem4205,0.0,0.0
4205,dem4206,0.0,0.0
4206,dem4207,0.0,0.0
4207,dem4208,0.0,0.0
4208,dem4209,0.0,0.0
4209,dem4210,0.0,0.0
4210,dem4211,0.0,0.0
4211,dem4212,0.0,0.0
4212,dem4213,0.0,0.0
4213,dem4214,0.0,0.0
4214,dem4215,0.0,0.0
4215,dem4216,0.0,0.0
4216,dem4217,0.0,0.0
4217,dem4218,0.0,0.0
4218,dem4219,0.0,0.0
4219,dem4220,0.0,0.0
4220,dem4221,0.0,0.0
4221,dem4222,0.0,0.0
4222,dem4223,0.0,0.0
4223,dem4224,0.0,0.0
4224,dem4225,0.0,0.0
4225,dem4226,0.0,0.0
4226,dem4227,0.0,0.0
4227,dem4228,0.0,0.0
4228,dem4229,0.0,0.0
4229,dem4230,0.0,0.0
4230,dem4231,0.0,0.0
4231,dem4232,0.0,0.0
4232,dem4233,0.0,0.0
4233,dem4234,0.0,0.0
4234,dem4235,0.0,0.0
4235,dem4236,0.0,0.0
4236,dem4237,0.0,0.0
4237,dem4238,0.0,0.0
4238,dem4239,0.0,0.0
4239,dem4240,0.0,0.0
4240,dem4241,0.0,0.0
4241,dem4242,0.0,0.0
4242,dem4243,0.0,0.0
4243,dem4244,0.0,0.0
4244,dem4245,0.0,0.0
4245,dem4246,0.0,0.0
